Folder name, Region name Russian, Region name English, Date, Extract Date, Infected, Recovered, Deceased, First jab, Second jab, Immunity pct
RU-MOW,Москва,Moscow,17.12.2021,2021-12-23,2012582,1846440,36202,6604953,6147395,72.2
RU-SPE,Санкт-Петербург,Saint-Petersburg,17.12.2021,2021-12-23,837645,780167,27574,3157002,2869197,77.3
RU-MOS,Московская область,Moscow oblast,17.12.2021,2021-12-23,630472,573555,11701,4697326,4437012,75.3
RU-NIZ,Нижегородская область,Nijegorodsk oblast,17.12.2021,2021-12-23,228373,203369,9597,1727349,1611931,58.0
RU-SAM,Самарская область,Samara oblast,17.12.2021,2021-12-23,196360,147642,6131,1911887,1789073,62.7
RU-SVE,Свердловская область,Sverdlovsk oblast,17.12.2021,2021-12-23,194252,167381,9182,2454925,2233159,53.5
RU-VOR,Воронежская область,Voronej oblast,17.12.2021,2021-12-23,191276,142019,6681,1287413,1213418,54.9
RU-ROS,Ростовская область,Rostov oblast,17.12.2021,2021-12-23,190062,167577,9419,2379211,2230882,57.8
RU-KYA,Красноярский край,Krasnoyarsk krai,17.12.2021,2021-12-23,168729,152434,8322,1412303,1281309,55.7
RU-PER,Пермский край,Perm krai,17.12.2021,2021-12-23,156058,136443,7322,1235890,1132254,56.7
RU-IRK,Иркутская область,Irkutsk oblast,17.12.2021,2021-12-23,152386,123699,6775,1178772,1047867,49.4
RU-CHE,Челябинская область,Chelyabinsk oblast,17.12.2021,2021-12-23,141063,131642,5811,1708683,1581381,51.4
RU-SAR,Саратовская область,Saratov oblast,17.12.2021,2021-12-23,130594,116762,4961,1231242,1139736,51.0
RU-OMS,Омская область,Omsk oblast,17.12.2021,2021-12-23,127270,108151,3086,980128,894866,57.2
RU-VGG,Волгоградская область,Volgograd oblast,17.12.2021,2021-12-23,126882,115707,5373,1401550,1307890,57.1
RU-CR,Республика Крым,Crimean republic,17.12.2021,2021-12-23,125969,116936,4157,1021185,942584,64.5
RU-STA,Ставропольский край,Stavropol crai,17.12.2021,2021-12-23,123330,96332,5910,1173752,1086468,41.0
RU-KHA,Хабаровский край,Khabarovsk crai,17.12.2021,2021-12-23,121570,107539,1196,654712,586573,62.8
RU-ARK,Архангельская область,Arkhangel oblast,17.12.2021,2021-12-23,121288,111181,1492,561120,521672,66.9
RU-BA,Республика Башкортостан,Bashkortostan republic,17.12.2021,2021-12-23,119155,108230,4237,2116325,1934493,54.8
RU-ULY,Ульяновская область,Ulyanovsk oblast,17.12.2021,2021-12-23,118590,113230,3666,607389,565332,65.2
RU-ALT,Алтайский край,Altai crai,17.12.2021,2021-12-23,115776,94096,6376,1065562,982542,46.5
RU-KDA,Краснодарский край,Krasnodar crai,17.12.2021,2021-12-23,114779,91773,9584,3089564,2810521,49.4
RU-ORE,Оренбургская область,Orengburg oblast,17.12.2021,2021-12-23,106739,92723,3385,990160,925105,57.3
RU-PNZ,Пензенская область,Penzensk oblast,17.12.2021,2021-12-23,99612,77874,4547,782120,736688,62.0
RU-LEN,Ленинградская область,Leningrad oblast,17.12.2021,2021-12-23,98852,81828,2967,913750,835105,46.8
RU-PRI,Приморский край,Primorsk crai,17.12.2021,2021-12-23,98542,82511,1508,1007298,913433,51.1
RU-VLG,Вологодская область,Vologodsk oblast,17.12.2021,2021-12-23,98050,88366,2877,551983,497167,58.5
RU-TVE,Тверская область,Tver oblast,17.12.2021,2021-12-23,96439,85837,2299,587458,552353,57.7
RU-KO,Республика Коми,Komi republic,17.12.2021,2021-12-23,95800,79550,2540,380999,354476,61.8
RU-BRY,Брянская область,Bryansk oblast,17.12.2021,2021-12-23,94847,89602,2759,581869,544025,61.0
RU-ZAB,Забайкальский край,Zabaikal crai,17.12.2021,2021-12-23,94530,82514,1771,604480,545973,66.7
RU-KHM,Ханты-Мансийский АО,Khanti-mansisk autonomous region,17.12.2021,2021-12-23,94481,87742,1932,909705,849796,57.1
RU-NVS,Новосибирская область,Novosibirsk oblast,17.12.2021,2021-12-23,91682,62022,4126,1427351,1291121,42.7
RU-MUR,Мурманская область,Murmansk oblast,17.12.2021,2021-12-23,90576,72941,2720,500636,469417,72.1
RU-KR,Республика Карелия,Karelia republic,17.12.2021,2021-12-23,88424,83837,1166,329284,306643,76.7
RU-TYU,Тюменская область,Tyumen oblast,17.12.2021,2021-12-23,87852,73418,3277,958964,885223,64.1
RU-YAR,Ярославская область,Yaroslav oblast,17.12.2021,2021-12-23,83612,70710,1782,564096,527592,48.6
RU-SMO,Смоленская область,Smolensk oblast,17.12.2021,2021-12-23,83443,66986,2307,418344,392818,57.3
RU-LIP,Липецкая область,Lipetsk oblast,17.12.2021,2021-12-23,82411,75793,2710,678812,644807,71.2
RU-KEM,Кемеровская область,Kemerov oblast,17.12.2021,2021-12-23,82255,74015,1676,1221439,1109962,45.2
RU-KRS,Курская область,Kursk oblast,17.12.2021,2021-12-23,80972,71181,1971,613731,580786,61.5
RU-KGD,Калининградская область,Kaliningrad oblast,17.12.2021,2021-12-23,80691,77108,1208,589949,554817,71.3
RU-BEL,Белгородская область,Belgorod oblast,17.12.2021,2021-12-23,79916,69643,1695,1097408,1042493,68.3
RU-AST,Астраханская область,Astrahan oblast,17.12.2021,2021-12-23,79542,70856,2341,501885,463490,61.5
RU-VLA,Владимирская область,Vladimir oblast,17.12.2021,2021-12-23,79263,61892,2900,567370,529829,43.8
RU-UD,Удмуртская Республика,Udmurt republic,17.12.2021,2021-12-23,78426,66856,3202,724829,666756,55.3
RU-KIR,Кировская область,Kirov oblast,17.12.2021,2021-12-23,77217,65802,731,685190,636756,51.4
RU-SA,Республика Саха (Якутия),Saha (Yakutia) republic,17.12.2021,2021-12-23,75213,70745,1764,504978,466812,61.9
RU-BU,Республика Бурятия,Buryatia republic,17.12.2021,2021-12-23,74775,69081,2355,553256,499239,65.5
RU-TUL,Тульская область,Tulsk oblast,17.12.2021,2021-12-23,73397,64698,4160,808065,763208,54.3
RU-PSK,Псковская область,Psokv oblast,17.12.2021,2021-12-23,70051,63406,1214,285100,264553,62.7
RU-ORL,Орловская область,Orlovsk oblast,17.12.2021,2021-12-23,69016,60531,1443,411107,380292,60.5
RU-IVA,Ивановская область,Ivanovsk oblast,17.12.2021,2021-12-23,66606,57137,2415,452068,425717,45.2
RU-DA,Республика Дагестан,Dagestan republic,17.12.2021,2021-12-23,64908,59595,3132,712840,652983,27.5
RU-NGR,Новгородская область,Novgorod oblast,17.12.2021,2021-12-23,64115,57879,739,286306,268195,61.1
RU-KLU,Калужская область,Kaluj oblast,17.12.2021,2021-12-23,63797,59753,1167,540210,493495,54.4
RU-YAN,Ямало-Ненецкий автономный округ,Yamalo-nenetski autonomous region,17.12.2021,2021-12-23,61252,55578,940,280670,266461,59.5
RU-TOM,Томская область,Tomsk oblast,17.12.2021,2021-12-23,60656,46068,661,510149,462026,42.8
RU-RYA,Рязанская область,Ryazan oblast,17.12.2021,2021-12-23,60292,55167,2417,539073,493422,50.1
RU-TAM,Тамбовская область,Tambovsk oblast,17.12.2021,2021-12-23,59481,55809,1644,530083,499645,55.4
RU-KK,Республика Хакасия,Khakasia republic,17.12.2021,2021-12-23,52996,49430,1898,250248,232270,67.9
RU-AMU,Амурская область,Amur oblast,17.12.2021,2021-12-23,52496,41579,589,453336,414561,57.8
RU-SEV,Севастополь,Sevastopol,17.12.2021,2021-12-23,52252,49019,1818,333358,313942,88.7
RU-KGN,Курганская область,Kurgan oblast,17.12.2021,2021-12-23,49294,42867,973,466825,435074,61.3
RU-KOS,Костромская область,Kostrom oblast,17.12.2021,2021-12-23,48241,43652,1079,316483,299929,60.8
RU-CU,Республика Чувашия,Chuvash republic,17.12.2021,2021-12-23,45926,40097,3733,573743,526769,46.3
RU-TT,Республика Татарстан,Tatarstan republic,17.12.2021,2021-12-23,41963,35327,1395,2210025,2064185,51.4
RU-KB,Кабардино-Балкарская Республика,Kabardino-balkar republic,17.12.2021,2021-12-23,41216,37367,1374,263076,246735,39.0
RU-SAK,Сахалинская область,Sahalinsk oblast,17.12.2021,2021-12-23,41109,39274,507,262591,245616,58.9
RU-MO,Республика Мордовия,Mordovia republic,17.12.2021,2021-12-23,39745,33443,995,504494,483020,59.7
RU-KL,Республика Калмыкия,Kalmik republic,17.12.2021,2021-12-23,33877,32314,721,130183,125242,62.7
RU-KC,Карачаево-Черкесская Республика,Karachaevo-Cherkess republic,17.12.2021,2021-12-23,31720,27811,900,162461,155092,37.5
RU-TY,Республика Тыва,Tyva republic,17.12.2021,2021-12-23,31448,28889,317,166473,152330,74.8
RU-CE,Чеченская Республика,Chechen republic,17.12.2021,2021-12-23,30386,28481,905,696115,619686,65.4
RU-SE,Республика Северная Осетия — Алания,North osetia republic - Alania,17.12.2021,2021-12-23,30362,27623,912,293244,282022,46.5
RU-ME,Республика Марий Эл,Mari El republic,17.12.2021,2021-12-23,28916,24805,917,345239,322473,51.5
RU-IN,Республика Ингушетия,Ingushetia republic,17.12.2021,2021-12-23,28047,26159,463,205093,190329,53.8
RU-AD,Республика Адыгея,Adigey republic,17.12.2021,2021-12-23,26586,21899,712,185290,174084,45.7
RU-GA,Республика Алтай,Altai republic,17.12.2021,2021-12-23,25076,22914,500,100268,92809,56.5
RU-KAM,Камчатский край,Kamchatka crai,17.12.2021,2021-12-23,23529,17945,504,139878,128361,40.6
RU-MAG,Магаданская область,Magadan oblast,17.12.2021,2021-12-23,13501,12629,341,76484,70235,58.2
RU-YEV,Еврейская автономная область,Jewish autonomous region,17.12.2021,2021-12-23,11372,10378,398,68244,60795,53.3
RU-NEN,Ненецкий автономный округ,Nynen autonomous region,17.12.2021,2021-12-23,3456,3230,85,22695,21644,67.9
RU-CHU,Чукотский автономный округ,Chukotka autonomous region,17.12.2021,2021-12-23,2942,2675,32,35982,33925,79.7
RU-MOW,Москва,Moscow,17.12.2021,2021-12-24,2012582,1846440,36202,6604953,6147395,72.2
RU-SPE,Санкт-Петербург,Saint-Petersburg,17.12.2021,2021-12-24,837645,780167,27574,3157002,2869197,77.3
RU-MOS,Московская область,Moscow oblast,17.12.2021,2021-12-24,630472,573555,11701,4697326,4437012,75.3
RU-NIZ,Нижегородская область,Nijegorodsk oblast,17.12.2021,2021-12-24,228373,203369,9597,1727349,1611931,58.0
RU-SAM,Самарская область,Samara oblast,17.12.2021,2021-12-24,196360,147642,6131,1911887,1789073,62.7
RU-SVE,Свердловская область,Sverdlovsk oblast,17.12.2021,2021-12-24,194252,167381,9182,2454925,2233159,53.5
RU-VOR,Воронежская область,Voronej oblast,17.12.2021,2021-12-24,191276,142019,6681,1287413,1213418,54.9
RU-ROS,Ростовская область,Rostov oblast,17.12.2021,2021-12-24,190062,167577,9419,2379211,2230882,57.8
RU-KYA,Красноярский край,Krasnoyarsk krai,17.12.2021,2021-12-24,168729,152434,8322,1412303,1281309,55.7
RU-PER,Пермский край,Perm krai,17.12.2021,2021-12-24,156058,136443,7322,1235890,1132254,56.7
RU-IRK,Иркутская область,Irkutsk oblast,17.12.2021,2021-12-24,152386,123699,6775,1178772,1047867,49.4
RU-CHE,Челябинская область,Chelyabinsk oblast,17.12.2021,2021-12-24,141063,131642,5811,1708683,1581381,51.4
RU-SAR,Саратовская область,Saratov oblast,17.12.2021,2021-12-24,130594,116762,4961,1231242,1139736,51.0
RU-OMS,Омская область,Omsk oblast,17.12.2021,2021-12-24,127270,108151,3086,980128,894866,57.2
RU-VGG,Волгоградская область,Volgograd oblast,17.12.2021,2021-12-24,126882,115707,5373,1401550,1307890,57.1
RU-CR,Республика Крым,Crimean republic,17.12.2021,2021-12-24,125969,116936,4157,1021185,942584,64.5
RU-STA,Ставропольский край,Stavropol crai,17.12.2021,2021-12-24,123330,96332,5910,1173752,1086468,41.0
RU-KHA,Хабаровский край,Khabarovsk crai,17.12.2021,2021-12-24,121570,107539,1196,654712,586573,62.8
RU-ARK,Архангельская область,Arkhangel oblast,17.12.2021,2021-12-24,121288,111181,1492,561120,521672,66.9
RU-BA,Республика Башкортостан,Bashkortostan republic,17.12.2021,2021-12-24,119155,108230,4237,2116325,1934493,54.8
RU-ULY,Ульяновская область,Ulyanovsk oblast,17.12.2021,2021-12-24,118590,113230,3666,607389,565332,65.2
RU-ALT,Алтайский край,Altai crai,17.12.2021,2021-12-24,115776,94096,6376,1065562,982542,46.5
RU-KDA,Краснодарский край,Krasnodar crai,17.12.2021,2021-12-24,114779,91773,9584,3089564,2810521,49.4
RU-ORE,Оренбургская область,Orengburg oblast,17.12.2021,2021-12-24,106739,92723,3385,990160,925105,57.3
RU-PNZ,Пензенская область,Penzensk oblast,17.12.2021,2021-12-24,99612,77874,4547,782120,736688,62.0
RU-LEN,Ленинградская область,Leningrad oblast,17.12.2021,2021-12-24,98852,81828,2967,913750,835105,46.8
RU-PRI,Приморский край,Primorsk crai,17.12.2021,2021-12-24,98542,82511,1508,1007298,913433,51.1
RU-VLG,Вологодская область,Vologodsk oblast,17.12.2021,2021-12-24,98050,88366,2877,551983,497167,58.5
RU-TVE,Тверская область,Tver oblast,17.12.2021,2021-12-24,96439,85837,2299,587458,552353,57.7
RU-KO,Республика Коми,Komi republic,17.12.2021,2021-12-24,95800,79550,2540,380999,354476,61.8
RU-BRY,Брянская область,Bryansk oblast,17.12.2021,2021-12-24,94847,89602,2759,581869,544025,61.0
RU-ZAB,Забайкальский край,Zabaikal crai,17.12.2021,2021-12-24,94530,82514,1771,604480,545973,66.7
RU-KHM,Ханты-Мансийский АО,Khanti-mansisk autonomous region,17.12.2021,2021-12-24,94481,87742,1932,909705,849796,57.1
RU-NVS,Новосибирская область,Novosibirsk oblast,17.12.2021,2021-12-24,91682,62022,4126,1427351,1291121,42.7
RU-MUR,Мурманская область,Murmansk oblast,17.12.2021,2021-12-24,90576,72941,2720,500636,469417,72.1
RU-KR,Республика Карелия,Karelia republic,17.12.2021,2021-12-24,88424,83837,1166,329284,306643,76.7
RU-TYU,Тюменская область,Tyumen oblast,17.12.2021,2021-12-24,87852,73418,3277,958964,885223,64.1
RU-YAR,Ярославская область,Yaroslav oblast,17.12.2021,2021-12-24,83612,70710,1782,564096,527592,48.6
RU-SMO,Смоленская область,Smolensk oblast,17.12.2021,2021-12-24,83443,66986,2307,418344,392818,57.3
RU-LIP,Липецкая область,Lipetsk oblast,17.12.2021,2021-12-24,82411,75793,2710,678812,644807,71.2
RU-KEM,Кемеровская область,Kemerov oblast,17.12.2021,2021-12-24,82255,74015,1676,1221439,1109962,45.2
RU-KRS,Курская область,Kursk oblast,17.12.2021,2021-12-24,80972,71181,1971,613731,580786,61.5
RU-KGD,Калининградская область,Kaliningrad oblast,17.12.2021,2021-12-24,80691,77108,1208,589949,554817,71.3
RU-BEL,Белгородская область,Belgorod oblast,17.12.2021,2021-12-24,79916,69643,1695,1097408,1042493,68.3
RU-AST,Астраханская область,Astrahan oblast,17.12.2021,2021-12-24,79542,70856,2341,501885,463490,61.5
RU-VLA,Владимирская область,Vladimir oblast,17.12.2021,2021-12-24,79263,61892,2900,567370,529829,43.8
RU-UD,Удмуртская Республика,Udmurt republic,17.12.2021,2021-12-24,78426,66856,3202,724829,666756,55.3
RU-KIR,Кировская область,Kirov oblast,17.12.2021,2021-12-24,77217,65802,731,685190,636756,51.4
RU-SA,Республика Саха (Якутия),Saha (Yakutia) republic,17.12.2021,2021-12-24,75213,70745,1764,504978,466812,61.9
RU-BU,Республика Бурятия,Buryatia republic,17.12.2021,2021-12-24,74775,69081,2355,553256,499239,65.5
RU-TUL,Тульская область,Tulsk oblast,17.12.2021,2021-12-24,73397,64698,4160,808065,763208,54.3
RU-PSK,Псковская область,Psokv oblast,17.12.2021,2021-12-24,70051,63406,1214,285100,264553,62.7
RU-ORL,Орловская область,Orlovsk oblast,17.12.2021,2021-12-24,69016,60531,1443,411107,380292,60.5
RU-IVA,Ивановская область,Ivanovsk oblast,17.12.2021,2021-12-24,66606,57137,2415,452068,425717,45.2
RU-DA,Республика Дагестан,Dagestan republic,17.12.2021,2021-12-24,64908,59595,3132,712840,652983,27.5
RU-NGR,Новгородская область,Novgorod oblast,17.12.2021,2021-12-24,64115,57879,739,286306,268195,61.1
RU-KLU,Калужская область,Kaluj oblast,17.12.2021,2021-12-24,63797,59753,1167,540210,493495,54.4
RU-YAN,Ямало-Ненецкий автономный округ,Yamalo-nenetski autonomous region,17.12.2021,2021-12-24,61252,55578,940,280670,266461,59.5
RU-TOM,Томская область,Tomsk oblast,17.12.2021,2021-12-24,60656,46068,661,510149,462026,42.8
RU-RYA,Рязанская область,Ryazan oblast,17.12.2021,2021-12-24,60292,55167,2417,539073,493422,50.1
RU-TAM,Тамбовская область,Tambovsk oblast,17.12.2021,2021-12-24,59481,55809,1644,530083,499645,55.4
RU-KK,Республика Хакасия,Khakasia republic,17.12.2021,2021-12-24,52996,49430,1898,250248,232270,67.9
RU-AMU,Амурская область,Amur oblast,17.12.2021,2021-12-24,52496,41579,589,453336,414561,57.8
RU-SEV,Севастополь,Sevastopol,17.12.2021,2021-12-24,52252,49019,1818,333358,313942,88.7
RU-KGN,Курганская область,Kurgan oblast,17.12.2021,2021-12-24,49294,42867,973,466825,435074,61.3
RU-KOS,Костромская область,Kostrom oblast,17.12.2021,2021-12-24,48241,43652,1079,316483,299929,60.8
RU-CU,Республика Чувашия,Chuvash republic,17.12.2021,2021-12-24,45926,40097,3733,573743,526769,46.3
RU-TT,Республика Татарстан,Tatarstan republic,17.12.2021,2021-12-24,41963,35327,1395,2210025,2064185,51.4
RU-KB,Кабардино-Балкарская Республика,Kabardino-balkar republic,17.12.2021,2021-12-24,41216,37367,1374,263076,246735,39.0
RU-SAK,Сахалинская область,Sahalinsk oblast,17.12.2021,2021-12-24,41109,39274,507,262591,245616,58.9
RU-MO,Республика Мордовия,Mordovia republic,17.12.2021,2021-12-24,39745,33443,995,504494,483020,59.7
RU-KL,Республика Калмыкия,Kalmik republic,17.12.2021,2021-12-24,33877,32314,721,130183,125242,62.7
RU-KC,Карачаево-Черкесская Республика,Karachaevo-Cherkess republic,17.12.2021,2021-12-24,31720,27811,900,162461,155092,37.5
RU-TY,Республика Тыва,Tyva republic,17.12.2021,2021-12-24,31448,28889,317,166473,152330,74.8
RU-CE,Чеченская Республика,Chechen republic,17.12.2021,2021-12-24,30386,28481,905,696115,619686,65.4
RU-SE,Республика Северная Осетия — Алания,North osetia republic - Alania,17.12.2021,2021-12-24,30362,27623,912,293244,282022,46.5
RU-ME,Республика Марий Эл,Mari El republic,17.12.2021,2021-12-24,28916,24805,917,345239,322473,51.5
RU-IN,Республика Ингушетия,Ingushetia republic,17.12.2021,2021-12-24,28047,26159,463,205093,190329,53.8
RU-AD,Республика Адыгея,Adigey republic,17.12.2021,2021-12-24,26586,21899,712,185290,174084,45.7
RU-GA,Республика Алтай,Altai republic,17.12.2021,2021-12-24,25076,22914,500,100268,92809,56.5
RU-KAM,Камчатский край,Kamchatka crai,17.12.2021,2021-12-24,23529,17945,504,139878,128361,40.6
RU-MAG,Магаданская область,Magadan oblast,17.12.2021,2021-12-24,13501,12629,341,76484,70235,58.2
RU-YEV,Еврейская автономная область,Jewish autonomous region,17.12.2021,2021-12-24,11372,10378,398,68244,60795,53.3
RU-NEN,Ненецкий автономный округ,Nynen autonomous region,17.12.2021,2021-12-24,3456,3230,85,22695,21644,67.9
RU-CHU,Чукотский автономный округ,Chukotka autonomous region,17.12.2021,2021-12-24,2942,2675,32,35982,33925,79.7
RU-MOW,Москва,Moscow,24.12.2021,2021-12-25,2014708,1849212,36277,6670105,6268959,72.0
RU-SPE,Санкт-Петербург,Saint-Petersburg,24.12.2021,2021-12-25,839762,782871,27629,3221071,2993983,79.6
RU-MOS,Московская область,Moscow oblast,24.12.2021,2021-12-25,631742,575642,11758,4755954,4532613,76.6
RU-NIZ,Нижегородская область,Nijegorodsk oblast,24.12.2021,2021-12-25,228832,204338,9625,1753011,1659853,60.5
RU-SAM,Самарская область,Samara oblast,24.12.2021,2021-12-25,196897,148688,6150,1943779,1844037,65.6
RU-SVE,Свердловская область,Sverdlovsk oblast,24.12.2021,2021-12-25,194828,167862,9210,2504243,2322151,56.6
RU-VOR,Воронежская область,Voronej oblast,24.12.2021,2021-12-25,191685,143206,6720,1304806,1246861,57.4
RU-ROS,Ростовская область,Rostov oblast,24.12.2021,2021-12-25,190614,168695,9443,2415239,2282657,58.6
RU-KYA,Красноярский край,Krasnoyarsk krai,24.12.2021,2021-12-25,169329,153049,8358,1443555,1333406,58.1
RU-PER,Пермский край,Perm krai,24.12.2021,2021-12-25,156638,137238,7332,1258365,1175523,60.0
RU-IRK,Иркутская область,Irkutsk oblast,24.12.2021,2021-12-25,152954,124783,6796,1205363,1101394,52.9
RU-CHE,Челябинская область,Chelyabinsk oblast,24.12.2021,2021-12-25,141614,132660,5839,1742074,1640970,55.5
RU-SAR,Саратовская область,Saratov oblast,24.12.2021,2021-12-25,130923,117326,4970,1251426,1177512,53.9
RU-OMS,Омская область,Omsk oblast,24.12.2021,2021-12-25,127690,109145,3095,1002516,932325,61.6
RU-VGG,Волгоградская область,Volgograd oblast,24.12.2021,2021-12-25,127206,116299,5393,1426065,1346126,59.4
RU-CR,Республика Крым,Crimean republic,24.12.2021,2021-12-25,126089,117125,4181,1048792,985887,68.4
RU-STA,Ставропольский край,Stavropol crai,24.12.2021,2021-12-25,123752,97181,5935,1202628,1130713,43.6
RU-KHA,Хабаровский край,Khabarovsk crai,24.12.2021,2021-12-25,122030,108216,1201,673097,608361,65.0
RU-ARK,Архангельская область,Arkhangel oblast,24.12.2021,2021-12-25,121571,111480,1495,570614,539563,69.1
RU-BA,Республика Башкортостан,Bashkortostan republic,24.12.2021,2021-12-25,119562,108679,4254,2159643,1996806,57.0
RU-ULY,Ульяновская область,Ulyanovsk oblast,24.12.2021,2021-12-25,118872,113343,3680,618335,585030,67.5
RU-ALT,Алтайский край,Altai crai,24.12.2021,2021-12-25,116255,94765,6402,1086967,1018119,49.7
RU-KDA,Краснодарский край,Krasnodar crai,24.12.2021,2021-12-25,115360,92514,9608,3152741,2929127,51.2
RU-ORE,Оренбургская область,Orengburg oblast,24.12.2021,2021-12-25,106919,93082,3394,1006850,952242,59.3
RU-PNZ,Пензенская область,Penzensk oblast,24.12.2021,2021-12-25,99915,78467,4559,798072,755824,66.3
RU-LEN,Ленинградская область,Leningrad oblast,24.12.2021,2021-12-25,99199,82395,2969,931139,867182,49.6
RU-PRI,Приморский край,Primorsk crai,24.12.2021,2021-12-25,98991,82869,1512,1022555,947714,54.9
RU-VLG,Вологодская область,Vologodsk oblast,24.12.2021,2021-12-25,98347,88730,2891,564890,521037,61.6
RU-TVE,Тверская область,Tver oblast,24.12.2021,2021-12-25,96747,86190,2307,595404,566825,59.9
RU-KO,Республика Коми,Komi republic,24.12.2021,2021-12-25,96001,79964,2547,388061,364784,64.4
RU-BRY,Брянская область,Bryansk oblast,24.12.2021,2021-12-25,95057,89943,2778,590574,559996,63.5
RU-ZAB,Забайкальский край,Zabaikal crai,24.12.2021,2021-12-25,94759,82927,1779,620042,567644,69.0
RU-KHM,Ханты-Мансийский АО,Khanti-mansisk autonomous region,24.12.2021,2021-12-25,94666,87936,1940,924778,873722,58.6
RU-NVS,Новосибирская область,Novosibirsk oblast,24.12.2021,2021-12-25,92063,62400,4140,1460976,1354828,45.0
RU-MUR,Мурманская область,Murmansk oblast,24.12.2021,2021-12-25,90741,73182,2728,506078,480715,73.7
RU-KR,Республика Карелия,Karelia republic,24.12.2021,2021-12-25,88645,84057,1170,335530,316921,78.9
RU-TYU,Тюменская область,Tyumen oblast,24.12.2021,2021-12-25,88143,74272,3290,976680,915153,68.3
RU-YAR,Ярославская область,Yaroslav oblast,24.12.2021,2021-12-25,83864,71403,1793,575637,544422,51.6
RU-SMO,Смоленская область,Smolensk oblast,24.12.2021,2021-12-25,83665,67540,2315,426788,404848,60.2
RU-LIP,Липецкая область,Lipetsk oblast,24.12.2021,2021-12-25,82656,76109,2723,687377,660308,74.4
RU-KEM,Кемеровская область,Kemerov oblast,24.12.2021,2021-12-25,82602,74281,1681,1245489,1154195,46.6
RU-KRS,Курская область,Kursk oblast,24.12.2021,2021-12-25,81135,71823,1979,624042,597846,64.3
RU-KGD,Калининградская область,Kaliningrad oblast,24.12.2021,2021-12-25,80878,77311,1213,598829,570500,72.9
RU-BEL,Белгородская область,Belgorod oblast,24.12.2021,2021-12-25,80144,70367,1702,1119739,1074332,71.1
RU-AST,Астраханская область,Astrahan oblast,24.12.2021,2021-12-25,79772,71216,2349,511846,478467,63.7
RU-VLA,Владимирская область,Vladimir oblast,24.12.2021,2021-12-25,79533,62513,2904,576835,547054,47.0
RU-UD,Удмуртская Республика,Udmurt republic,24.12.2021,2021-12-25,78505,67012,3205,737082,688960,57.9
RU-KIR,Кировская область,Kirov oblast,24.12.2021,2021-12-25,77437,66028,734,696964,658192,53.6
RU-SA,Республика Саха (Якутия),Saha (Yakutia) republic,24.12.2021,2021-12-25,75329,71029,1767,514530,479376,63.1
RU-BU,Республика Бурятия,Buryatia republic,24.12.2021,2021-12-25,74976,69377,2365,564426,514354,67.2
RU-TUL,Тульская область,Tulsk oblast,24.12.2021,2021-12-25,73624,64903,4173,820750,783435,55.8
RU-PSK,Псковская область,Psokv oblast,24.12.2021,2021-12-25,70208,63957,1220,291335,273832,66.3
RU-ORL,Орловская область,Orlovsk oblast,24.12.2021,2021-12-25,69221,61288,1448,417459,392975,66.5
RU-IVA,Ивановская область,Ivanovsk oblast,24.12.2021,2021-12-25,66789,57603,2430,457864,433916,46.8
RU-DA,Республика Дагестан,Dagestan republic,24.12.2021,2021-12-25,65045,59712,3144,735215,677968,28.8
RU-NGR,Новгородская область,Novgorod oblast,24.12.2021,2021-12-25,64273,58564,743,291153,275150,66.0
RU-KLU,Калужская область,Kaluj oblast,24.12.2021,2021-12-25,63992,59885,1173,549804,511420,58.5
RU-YAN,Ямало-Ненецкий автономный округ,Yamalo-nenetski autonomous region,24.12.2021,2021-12-25,61357,55779,943,284888,272858,61.5
RU-TOM,Томская область,Tomsk oblast,24.12.2021,2021-12-25,60819,46426,664,521614,482120,46.1
RU-RYA,Рязанская область,Ryazan oblast,24.12.2021,2021-12-25,60462,55504,2424,550817,513826,53.4
RU-TAM,Тамбовская область,Tambovsk oblast,24.12.2021,2021-12-25,59687,55991,1652,540510,511920,56.5
RU-KK,Республика Хакасия,Khakasia republic,24.12.2021,2021-12-25,53110,49685,1908,255166,238693,71.1
RU-AMU,Амурская область,Amur oblast,24.12.2021,2021-12-25,52743,42063,594,460546,427027,60.8
RU-SEV,Севастополь,Sevastopol,24.12.2021,2021-12-25,52313,49314,1820,339967,321477,90.2
RU-KGN,Курганская область,Kurgan oblast,24.12.2021,2021-12-25,49457,43505,978,476177,447797,65.0
RU-KOS,Костромская область,Kostrom oblast,24.12.2021,2021-12-25,48311,44301,1083,322626,309623,65.7
RU-CU,Республика Чувашия,Chuvash republic,24.12.2021,2021-12-25,46013,40177,3751,585579,547528,48.7
RU-TT,Республика Татарстан,Tatarstan republic,24.12.2021,2021-12-25,42060,35497,1401,2239292,2123524,54.8
RU-KB,Кабардино-Балкарская Республика,Kabardino-balkar republic,24.12.2021,2021-12-25,41311,37443,1384,267774,252852,40.0
RU-SAK,Сахалинская область,Sahalinsk oblast,24.12.2021,2021-12-25,41255,39475,511,266592,251940,60.5
RU-MO,Республика Мордовия,Mordovia republic,24.12.2021,2021-12-25,39839,33604,999,514484,496444,62.0
RU-KL,Республика Калмыкия,Kalmik republic,24.12.2021,2021-12-25,33896,32333,722,132618,128204,64.4
RU-KC,Карачаево-Черкесская Республика,Karachaevo-Cherkess republic,24.12.2021,2021-12-25,31787,27902,901,165794,158576,38.3
RU-TY,Республика Тыва,Tyva republic,24.12.2021,2021-12-25,31465,29048,317,168818,155256,76.9
RU-CE,Чеченская Республика,Chechen republic,24.12.2021,2021-12-25,30459,28549,908,699256,624359,65.5
RU-SE,Республика Северная Осетия — Алания,North osetia republic - Alania,24.12.2021,2021-12-25,30440,27740,922,294984,286445,46.9
RU-ME,Республика Марий Эл,Mari El republic,24.12.2021,2021-12-25,28991,25156,920,352453,335608,55.9
RU-IN,Республика Ингушетия,Ingushetia republic,24.12.2021,2021-12-25,28127,26268,467,218333,200182,56.3
RU-AD,Республика Адыгея,Adigey republic,24.12.2021,2021-12-25,26677,21991,716,188309,178954,47.4
RU-GA,Республика Алтай,Altai republic,24.12.2021,2021-12-25,25111,22952,502,103709,96557,58.3
RU-KAM,Камчатский край,Kamchatka crai,24.12.2021,2021-12-25,23570,17999,504,142996,132923,42.9
RU-MAG,Магаданская область,Magadan oblast,24.12.2021,2021-12-25,13526,12662,342,78450,72810,60.0
RU-YEV,Еврейская автономная область,Jewish autonomous region,24.12.2021,2021-12-25,11401,10435,403,70304,63801,57.4
RU-NEN,Ненецкий автономный округ,Nynen autonomous region,24.12.2021,2021-12-25,3465,3247,85,23080,22162,69.3
RU-CHU,Чукотский автономный округ,Chukotka autonomous region,24.12.2021,2021-12-25,2947,2681,32,36589,34673,80.3
RU-MOW,Москва,Moscow,24.12.2021,2021-12-26,2017422,1852320,36349,6670105,6268959,72.0
RU-SPE,Санкт-Петербург,Saint-Petersburg,24.12.2021,2021-12-26,841834,785762,27681,3221071,2993983,79.6
RU-MOS,Московская область,Moscow oblast,24.12.2021,2021-12-26,633173,578604,11813,4755954,4532613,76.6
RU-NIZ,Нижегородская область,Nijegorodsk oblast,24.12.2021,2021-12-26,229324,205319,9652,1753011,1659853,60.5
RU-SAM,Самарская область,Samara oblast,24.12.2021,2021-12-26,197413,149563,6168,1943779,1844037,65.6
RU-SVE,Свердловская область,Sverdlovsk oblast,24.12.2021,2021-12-26,195399,168348,9239,2504243,2322151,56.6
RU-VOR,Воронежская область,Voronej oblast,24.12.2021,2021-12-26,192088,144415,6752,1304806,1246861,57.4
RU-ROS,Ростовская область,Rostov oblast,24.12.2021,2021-12-26,191144,169628,9466,2415239,2282657,58.6
RU-KYA,Красноярский край,Krasnoyarsk krai,24.12.2021,2021-12-26,169908,153650,8393,1443555,1333406,58.1
RU-PER,Пермский край,Perm krai,24.12.2021,2021-12-26,157198,138049,7352,1258365,1175523,60.0
RU-IRK,Иркутская область,Irkutsk oblast,24.12.2021,2021-12-26,153509,126074,6816,1205363,1101394,52.9
RU-CHE,Челябинская область,Chelyabinsk oblast,24.12.2021,2021-12-26,142153,133669,5868,1742074,1640970,55.5
RU-SAR,Саратовская область,Saratov oblast,24.12.2021,2021-12-26,131244,117855,4978,1251426,1177512,53.9
RU-OMS,Омская область,Omsk oblast,24.12.2021,2021-12-26,128098,110140,3107,1002516,932325,61.6
RU-VGG,Волгоградская область,Volgograd oblast,24.12.2021,2021-12-26,127522,116875,5414,1426065,1346126,59.4
RU-CR,Республика Крым,Crimean republic,24.12.2021,2021-12-26,126204,117288,4205,1048792,985887,68.4
RU-STA,Ставропольский край,Stavropol crai,24.12.2021,2021-12-26,124093,98150,5955,1202628,1130713,43.6
RU-KHA,Хабаровский край,Khabarovsk crai,24.12.2021,2021-12-26,122487,108869,1207,673097,608361,65.0
RU-ARK,Архангельская область,Arkhangel oblast,24.12.2021,2021-12-26,121851,111704,1495,570614,539563,69.1
RU-BA,Республика Башкортостан,Bashkortostan republic,24.12.2021,2021-12-26,119941,109090,4275,2159643,1996806,57.0
RU-ULY,Ульяновская область,Ulyanovsk oblast,24.12.2021,2021-12-26,119151,113500,3693,618335,585030,67.5
RU-ALT,Алтайский край,Altai crai,24.12.2021,2021-12-26,116730,95410,6428,1086967,1018119,49.7
RU-KDA,Краснодарский край,Krasnodar crai,24.12.2021,2021-12-26,115921,93439,9630,3152741,2929127,51.2
RU-ORE,Оренбургская область,Orengburg oblast,24.12.2021,2021-12-26,107092,93431,3402,1006850,952242,59.3
RU-PNZ,Пензенская область,Penzensk oblast,24.12.2021,2021-12-26,100215,79063,4571,798072,755824,66.3
RU-LEN,Ленинградская область,Leningrad oblast,24.12.2021,2021-12-26,99548,82979,2974,931139,867182,49.6
RU-PRI,Приморский край,Primorsk crai,24.12.2021,2021-12-26,99438,83262,1518,1022555,947714,54.9
RU-VLG,Вологодская область,Vologodsk oblast,24.12.2021,2021-12-26,98628,89108,2903,564890,521037,61.6
RU-TVE,Тверская область,Tver oblast,24.12.2021,2021-12-26,97043,86477,2314,595404,566825,59.9
RU-KO,Республика Коми,Komi republic,24.12.2021,2021-12-26,96204,80221,2562,388061,364784,64.4
RU-BRY,Брянская область,Bryansk oblast,24.12.2021,2021-12-26,95265,90270,2796,590574,559996,63.5
RU-ZAB,Забайкальский край,Zabaikal crai,24.12.2021,2021-12-26,94982,83203,1788,620042,567644,69.0
RU-KHM,Ханты-Мансийский АО,Khanti-mansisk autonomous region,24.12.2021,2021-12-26,94847,88148,1946,924778,873722,58.6
RU-NVS,Новосибирская область,Novosibirsk oblast,24.12.2021,2021-12-26,92439,62788,4151,1460976,1354828,45.0
RU-MUR,Мурманская область,Murmansk oblast,24.12.2021,2021-12-26,90908,73421,2737,506078,480715,73.7
RU-KR,Республика Карелия,Karelia republic,24.12.2021,2021-12-26,88854,84273,1173,335530,316921,78.9
RU-TYU,Тюменская область,Tyumen oblast,24.12.2021,2021-12-26,88432,75147,3302,976680,915153,68.3
RU-YAR,Ярославская область,Yaroslav oblast,24.12.2021,2021-12-26,84118,72116,1806,575637,544422,51.6
RU-SMO,Смоленская область,Smolensk oblast,24.12.2021,2021-12-26,83877,68129,2324,426788,404848,60.2
RU-KEM,Кемеровская область,Kemerov oblast,24.12.2021,2021-12-26,82947,74542,1685,1245489,1154195,46.6
RU-LIP,Липецкая область,Lipetsk oblast,24.12.2021,2021-12-26,82908,76450,2735,687377,660308,74.4
RU-KRS,Курская область,Kursk oblast,24.12.2021,2021-12-26,81294,72492,1988,624042,597846,64.3
RU-KGD,Калининградская область,Kaliningrad oblast,24.12.2021,2021-12-26,81066,77511,1225,598829,570500,72.9
RU-BEL,Белгородская область,Belgorod oblast,24.12.2021,2021-12-26,80359,71048,1708,1119739,1074332,71.1
RU-AST,Астраханская область,Astrahan oblast,24.12.2021,2021-12-26,80000,71589,2358,511846,478467,63.7
RU-VLA,Владимирская область,Vladimir oblast,24.12.2021,2021-12-26,79797,63171,2906,576835,547054,47.0
RU-UD,Удмуртская Республика,Udmurt republic,24.12.2021,2021-12-26,78586,67158,3211,737082,688960,57.9
RU-KIR,Кировская область,Kirov oblast,24.12.2021,2021-12-26,77655,66269,736,696964,658192,53.6
RU-SA,Республика Саха (Якутия),Saha (Yakutia) republic,24.12.2021,2021-12-26,75441,71318,1770,514530,479376,63.1
RU-BU,Республика Бурятия,Buryatia republic,24.12.2021,2021-12-26,75171,69617,2372,564426,514354,67.2
RU-TUL,Тульская область,Tulsk oblast,24.12.2021,2021-12-26,73848,65115,4183,820750,783435,55.8
RU-PSK,Псковская область,Psokv oblast,24.12.2021,2021-12-26,70365,64539,1225,291335,273832,66.3
RU-ORL,Орловская область,Orlovsk oblast,24.12.2021,2021-12-26,69418,62069,1455,417459,392975,66.5
RU-IVA,Ивановская область,Ivanovsk oblast,24.12.2021,2021-12-26,66969,58039,2443,457864,433916,46.8
RU-DA,Республика Дагестан,Dagestan republic,24.12.2021,2021-12-26,65179,59826,3156,735215,677968,28.8
RU-NGR,Новгородская область,Novgorod oblast,24.12.2021,2021-12-26,64423,59270,744,291153,275150,66.0
RU-KLU,Калужская область,Kaluj oblast,24.12.2021,2021-12-26,64179,60056,1179,549804,511420,58.5
RU-YAN,Ямало-Ненецкий автономный округ,Yamalo-nenetski autonomous region,24.12.2021,2021-12-26,61458,55968,946,284888,272858,61.5
RU-TOM,Томская область,Tomsk oblast,24.12.2021,2021-12-26,60971,46807,666,521614,482120,46.1
RU-RYA,Рязанская область,Ryazan oblast,24.12.2021,2021-12-26,60632,55818,2436,550817,513826,53.4
RU-TAM,Тамбовская область,Tambovsk oblast,24.12.2021,2021-12-26,59891,56122,1659,540510,511920,56.5
RU-KK,Республика Хакасия,Khakasia republic,24.12.2021,2021-12-26,53221,49900,1920,255166,238693,71.1
RU-AMU,Амурская область,Amur oblast,24.12.2021,2021-12-26,52987,42564,596,460546,427027,60.8
RU-SEV,Севастополь,Sevastopol,24.12.2021,2021-12-26,52373,49371,1822,339967,321477,90.2
RU-KGN,Курганская область,Kurgan oblast,24.12.2021,2021-12-26,49616,44159,982,476177,447797,65.0
RU-KOS,Костромская область,Kostrom oblast,24.12.2021,2021-12-26,48373,44978,1087,322626,309623,65.7
RU-CU,Республика Чувашия,Chuvash republic,24.12.2021,2021-12-26,46095,40246,3771,585579,547528,48.7
RU-TT,Республика Татарстан,Tatarstan republic,24.12.2021,2021-12-26,42162,35691,1405,2239292,2123524,54.8
RU-KB,Кабардино-Балкарская Республика,Kabardino-balkar republic,24.12.2021,2021-12-26,41407,37505,1395,267774,252852,40.0
RU-SAK,Сахалинская область,Sahalinsk oblast,24.12.2021,2021-12-26,41394,39632,514,266592,251940,60.5
RU-MO,Республика Мордовия,Mordovia republic,24.12.2021,2021-12-26,39929,33759,1002,514484,496444,62.0
RU-KL,Республика Калмыкия,Kalmik republic,24.12.2021,2021-12-26,33913,32349,724,132618,128204,64.4
RU-KC,Карачаево-Черкесская Республика,Karachaevo-Cherkess republic,24.12.2021,2021-12-26,31853,27990,901,165794,158576,38.3
RU-TY,Республика Тыва,Tyva republic,24.12.2021,2021-12-26,31480,29210,317,168818,155256,76.9
RU-CE,Чеченская Республика,Chechen republic,24.12.2021,2021-12-26,30531,28624,914,699256,624359,65.5
RU-SE,Республика Северная Осетия — Алания,North osetia republic - Alania,24.12.2021,2021-12-26,30517,27854,929,294984,286445,46.9
RU-ME,Республика Марий Эл,Mari El republic,24.12.2021,2021-12-26,29062,25525,920,352453,335608,55.9
RU-IN,Республика Ингушетия,Ingushetia republic,24.12.2021,2021-12-26,28205,26333,470,218333,200182,56.3
RU-AD,Республика Адыгея,Adigey republic,24.12.2021,2021-12-26,26766,22076,718,188309,178954,47.4
RU-GA,Республика Алтай,Altai republic,24.12.2021,2021-12-26,25149,22982,504,103709,96557,58.3
RU-KAM,Камчатский край,Kamchatka crai,24.12.2021,2021-12-26,23610,18054,505,142996,132923,42.9
RU-MAG,Магаданская область,Magadan oblast,24.12.2021,2021-12-26,13551,12693,343,78450,72810,60.0
RU-YEV,Еврейская автономная область,Jewish autonomous region,24.12.2021,2021-12-26,11428,10494,404,70304,63801,57.4
RU-NEN,Ненецкий автономный округ,Nynen autonomous region,24.12.2021,2021-12-26,3473,3260,85,23080,22162,69.3
RU-CHU,Чукотский автономный округ,Chukotka autonomous region,24.12.2021,2021-12-26,2950,2686,33,36589,34673,80.3
RU-MOW,Москва,Moscow,24.12.2021,2021-12-27,2019602,1855083,36420,6670105,6268959,72.0
RU-SPE,Санкт-Петербург,Saint-Petersburg,24.12.2021,2021-12-27,843685,786647,27745,3221071,2993983,79.6
RU-MOS,Московская область,Moscow oblast,24.12.2021,2021-12-27,634738,581598,11865,4755954,4532613,76.6
RU-NIZ,Нижегородская область,Nijegorodsk oblast,24.12.2021,2021-12-27,229712,206240,9677,1753011,1659853,60.5
RU-SAM,Самарская область,Samara oblast,24.12.2021,2021-12-27,197911,150752,6184,1943779,1844037,65.6
RU-SVE,Свердловская область,Sverdlovsk oblast,24.12.2021,2021-12-27,195963,168837,9268,2504243,2322151,56.6
RU-VOR,Воронежская область,Voronej oblast,24.12.2021,2021-12-27,192487,145649,6788,1304806,1246861,57.4
RU-ROS,Ростовская область,Rostov oblast,24.12.2021,2021-12-27,191662,170361,9488,2415239,2282657,58.6
RU-KYA,Красноярский край,Krasnoyarsk krai,24.12.2021,2021-12-27,170439,154260,8431,1443555,1333406,58.1
RU-PER,Пермский край,Perm krai,24.12.2021,2021-12-27,157743,138849,7374,1258365,1175523,60.0
RU-IRK,Иркутская область,Irkutsk oblast,24.12.2021,2021-12-27,154055,127181,6837,1205363,1101394,52.9
RU-CHE,Челябинская область,Chelyabinsk oblast,24.12.2021,2021-12-27,142681,134201,5896,1742074,1640970,55.5
RU-SAR,Саратовская область,Saratov oblast,24.12.2021,2021-12-27,131555,118364,4989,1251426,1177512,53.9
RU-OMS,Омская область,Omsk oblast,24.12.2021,2021-12-27,128494,111256,3117,1002516,932325,61.6
RU-VGG,Волгоградская область,Volgograd oblast,24.12.2021,2021-12-27,127816,117189,5433,1426065,1346126,59.4
RU-CR,Республика Крым,Crimean republic,24.12.2021,2021-12-27,126321,117453,4229,1048792,985887,68.4
RU-STA,Ставропольский край,Stavropol crai,24.12.2021,2021-12-27,124417,98984,5977,1202628,1130713,43.6
RU-KHA,Хабаровский край,Khabarovsk crai,24.12.2021,2021-12-27,122939,109440,1212,673097,608361,65.0
RU-ARK,Архангельская область,Arkhangel oblast,24.12.2021,2021-12-27,122128,111972,1497,570614,539563,69.1
RU-BA,Республика Башкортостан,Bashkortostan republic,24.12.2021,2021-12-27,120289,109489,4297,2159643,1996806,57.0
RU-ULY,Ульяновская область,Ulyanovsk oblast,24.12.2021,2021-12-27,119422,113625,3708,618335,585030,67.5
RU-ALT,Алтайский край,Altai crai,24.12.2021,2021-12-27,117198,95920,6454,1086967,1018119,49.7
RU-KDA,Краснодарский край,Krasnodar crai,24.12.2021,2021-12-27,116491,94038,9654,3152741,2929127,51.2
RU-ORE,Оренбургская область,Orengburg oblast,24.12.2021,2021-12-27,107258,93799,3412,1006850,952242,59.3
RU-PNZ,Пензенская область,Penzensk oblast,24.12.2021,2021-12-27,100500,79711,4579,798072,755824,66.3
RU-LEN,Ленинградская область,Leningrad oblast,24.12.2021,2021-12-27,99894,83546,2978,931139,867182,49.6
RU-PRI,Приморский край,Primorsk crai,24.12.2021,2021-12-27,99882,83762,1523,1022555,947714,54.9
RU-VLG,Вологодская область,Vologodsk oblast,24.12.2021,2021-12-27,98898,89458,2913,564890,521037,61.6
RU-TVE,Тверская область,Tver oblast,24.12.2021,2021-12-27,97335,86866,2314,595404,566825,59.9
RU-KO,Республика Коми,Komi republic,24.12.2021,2021-12-27,96395,80355,2572,388061,364784,64.4
RU-BRY,Брянская область,Bryansk oblast,24.12.2021,2021-12-27,95468,90587,2812,590574,559996,63.5
RU-ZAB,Забайкальский край,Zabaikal crai,24.12.2021,2021-12-27,95185,83499,1797,620042,567644,69.0
RU-KHM,Ханты-Мансийский АО,Khanti-mansisk autonomous region,24.12.2021,2021-12-27,95033,88344,1951,924778,873722,58.6
RU-NVS,Новосибирская область,Novosibirsk oblast,24.12.2021,2021-12-27,92808,63041,4166,1460976,1354828,45.0
RU-MUR,Мурманская область,Murmansk oblast,24.12.2021,2021-12-27,91076,73664,2745,506078,480715,73.7
RU-KR,Республика Карелия,Karelia republic,24.12.2021,2021-12-27,89057,84482,1177,335530,316921,78.9
RU-TYU,Тюменская область,Tyumen oblast,24.12.2021,2021-12-27,88720,76039,3313,976680,915153,68.3
RU-YAR,Ярославская область,Yaroslav oblast,24.12.2021,2021-12-27,84371,72768,1819,575637,544422,51.6
RU-SMO,Смоленская область,Smolensk oblast,24.12.2021,2021-12-27,84084,68773,2330,426788,404848,60.2
RU-KEM,Кемеровская область,Kemerov oblast,24.12.2021,2021-12-27,83289,74828,1691,1245489,1154195,46.6
RU-LIP,Липецкая область,Lipetsk oblast,24.12.2021,2021-12-27,83133,76521,2748,687377,660308,74.4
RU-KRS,Курская область,Kursk oblast,24.12.2021,2021-12-27,81445,73184,1996,624042,597846,64.3
RU-KGD,Калининградская область,Kaliningrad oblast,24.12.2021,2021-12-27,81252,77709,1228,598829,570500,72.9
RU-BEL,Белгородская область,Belgorod oblast,24.12.2021,2021-12-27,80570,71158,1713,1119739,1074332,71.1
RU-AST,Астраханская область,Astrahan oblast,24.12.2021,2021-12-27,80222,71954,2366,511846,478467,63.7
RU-VLA,Владимирская область,Vladimir oblast,24.12.2021,2021-12-27,80055,63853,2907,576835,547054,47.0
RU-UD,Удмуртская Республика,Udmurt republic,24.12.2021,2021-12-27,78670,67283,3218,737082,688960,57.9
RU-KIR,Кировская область,Kirov oblast,24.12.2021,2021-12-27,77870,66520,739,696964,658192,53.6
RU-SA,Республика Саха (Якутия),Saha (Yakutia) republic,24.12.2021,2021-12-27,75551,71583,1773,514530,479376,63.1
RU-BU,Республика Бурятия,Buryatia republic,24.12.2021,2021-12-27,75362,69908,2381,564426,514354,67.2
RU-TUL,Тульская область,Tulsk oblast,24.12.2021,2021-12-27,74073,65331,4194,820750,783435,55.8
RU-PSK,Псковская область,Psokv oblast,24.12.2021,2021-12-27,70520,65145,1231,291335,273832,66.3
RU-ORL,Орловская область,Orlovsk oblast,24.12.2021,2021-12-27,69602,62873,1463,417459,392975,66.5
RU-IVA,Ивановская область,Ivanovsk oblast,24.12.2021,2021-12-27,67148,58404,2452,457864,433916,46.8
RU-DA,Республика Дагестан,Dagestan republic,24.12.2021,2021-12-27,65305,59935,3166,735215,677968,28.8
RU-NGR,Новгородская область,Novgorod oblast,24.12.2021,2021-12-27,64572,59993,746,291153,275150,66.0
RU-KLU,Калужская область,Kaluj oblast,24.12.2021,2021-12-27,64370,60197,1184,549804,511420,58.5
RU-YAN,Ямало-Ненецкий автономный округ,Yamalo-nenetski autonomous region,24.12.2021,2021-12-27,61556,56146,948,284888,272858,61.5
RU-TOM,Томская область,Tomsk oblast,24.12.2021,2021-12-27,61112,47159,666,521614,482120,46.1
RU-RYA,Рязанская область,Ryazan oblast,24.12.2021,2021-12-27,60792,56019,2446,550817,513826,53.4
RU-TAM,Тамбовская область,Tambovsk oblast,24.12.2021,2021-12-27,60092,56220,1668,540510,511920,56.5
RU-KK,Республика Хакасия,Khakasia republic,24.12.2021,2021-12-27,53330,49978,1931,255166,238693,71.1
RU-AMU,Амурская область,Amur oblast,24.12.2021,2021-12-27,53227,43086,600,460546,427027,60.8
RU-SEV,Севастополь,Sevastopol,24.12.2021,2021-12-27,52434,49444,1824,339967,321477,90.2
RU-KGN,Курганская область,Kurgan oblast,24.12.2021,2021-12-27,49774,44835,987,476177,447797,65.0
RU-KOS,Костромская область,Kostrom oblast,24.12.2021,2021-12-27,48433,45672,1092,322626,309623,65.7
RU-CU,Республика Чувашия,Chuvash republic,24.12.2021,2021-12-27,46173,40305,3791,585579,547528,48.7
RU-TT,Республика Татарстан,Tatarstan republic,24.12.2021,2021-12-27,42260,35865,1410,2239292,2123524,54.8
RU-SAK,Сахалинская область,Sahalinsk oblast,24.12.2021,2021-12-27,41529,39772,516,266592,251940,60.5
RU-KB,Кабардино-Балкарская Республика,Kabardino-balkar republic,24.12.2021,2021-12-27,41502,37587,1403,267774,252852,40.0
RU-MO,Республика Мордовия,Mordovia republic,24.12.2021,2021-12-27,40014,33914,1006,514484,496444,62.0
RU-KL,Республика Калмыкия,Kalmik republic,24.12.2021,2021-12-27,33928,32367,724,132618,128204,64.4
RU-KC,Карачаево-Черкесская Республика,Karachaevo-Cherkess republic,24.12.2021,2021-12-27,31921,28076,901,165794,158576,38.3
RU-TY,Республика Тыва,Tyva republic,24.12.2021,2021-12-27,31493,29377,317,168818,155256,76.9
RU-CE,Чеченская Республика,Chechen republic,24.12.2021,2021-12-27,30601,28699,919,699256,624359,65.5
RU-SE,Республика Северная Осетия — Алания,North osetia republic - Alania,24.12.2021,2021-12-27,30593,27966,935,294984,286445,46.9
RU-ME,Республика Марий Эл,Mari El republic,24.12.2021,2021-12-27,29119,25913,923,352453,335608,55.9
RU-IN,Республика Ингушетия,Ingushetia republic,24.12.2021,2021-12-27,28286,26411,473,218333,200182,56.3
RU-AD,Республика Адыгея,Adigey republic,24.12.2021,2021-12-27,26852,22145,721,188309,178954,47.4
RU-GA,Республика Алтай,Altai republic,24.12.2021,2021-12-27,25181,23010,505,103709,96557,58.3
RU-KAM,Камчатский край,Kamchatka crai,24.12.2021,2021-12-27,23639,18111,505,142996,132923,42.9
RU-MAG,Магаданская область,Magadan oblast,24.12.2021,2021-12-27,13574,12727,345,78450,72810,60.0
RU-YEV,Еврейская автономная область,Jewish autonomous region,24.12.2021,2021-12-27,11451,10549,407,70304,63801,57.4
RU-NEN,Ненецкий автономный округ,Nynen autonomous region,24.12.2021,2021-12-27,3480,3267,85,23080,22162,69.3
RU-CHU,Чукотский автономный округ,Chukotka autonomous region,24.12.2021,2021-12-27,2953,2690,33,36589,34673,80.3
RU-MOW,Москва,Moscow,24.12.2021,2021-12-28,2021841,1857711,36488,6670105,6268959,72.0
RU-SPE,Санкт-Петербург,Saint-Petersburg,24.12.2021,2021-12-28,845519,787548,27805,3221071,2993983,79.6
RU-MOS,Московская область,Moscow oblast,24.12.2021,2021-12-28,636354,584110,11917,4755954,4532613,76.6
RU-NIZ,Нижегородская область,Nijegorodsk oblast,24.12.2021,2021-12-28,230027,207164,9701,1753011,1659853,60.5
RU-SAM,Самарская область,Samara oblast,24.12.2021,2021-12-28,198389,152019,6200,1943779,1844037,65.6
RU-SVE,Свердловская область,Sverdlovsk oblast,24.12.2021,2021-12-28,196517,169315,9298,2504243,2322151,56.6
RU-VOR,Воронежская область,Voronej oblast,24.12.2021,2021-12-28,192867,146906,6826,1304806,1246861,57.4
RU-ROS,Ростовская область,Rostov oblast,24.12.2021,2021-12-28,192156,170872,9508,2415239,2282657,58.6
RU-KYA,Красноярский край,Krasnoyarsk krai,24.12.2021,2021-12-28,170938,154860,8470,1443555,1333406,58.1
RU-PER,Пермский край,Perm krai,24.12.2021,2021-12-28,158272,139645,7388,1258365,1175523,60.0
RU-IRK,Иркутская область,Irkutsk oblast,24.12.2021,2021-12-28,154592,128044,6855,1205363,1101394,52.9
RU-CHE,Челябинская область,Chelyabinsk oblast,24.12.2021,2021-12-28,143200,134709,5925,1742074,1640970,55.5
RU-SAR,Саратовская область,Saratov oblast,24.12.2021,2021-12-28,131858,118465,4999,1251426,1177512,53.9
RU-OMS,Омская область,Omsk oblast,24.12.2021,2021-12-28,128874,111669,3129,1002516,932325,61.6
RU-VGG,Волгоградская область,Volgograd oblast,24.12.2021,2021-12-28,128104,117486,5453,1426065,1346126,59.4
RU-CR,Республика Крым,Crimean republic,24.12.2021,2021-12-28,126436,117560,4252,1048792,985887,68.4
RU-STA,Ставропольский край,Stavropol crai,24.12.2021,2021-12-28,124733,99615,5998,1202628,1130713,43.6
RU-KHA,Хабаровский край,Khabarovsk crai,24.12.2021,2021-12-28,123389,109973,1217,673097,608361,65.0
RU-ARK,Архангельская область,Arkhangel oblast,24.12.2021,2021-12-28,122402,112093,1497,570614,539563,69.1
RU-BA,Республика Башкортостан,Bashkortostan republic,24.12.2021,2021-12-28,120610,109883,4317,2159643,1996806,57.0
RU-ULY,Ульяновская область,Ulyanovsk oblast,24.12.2021,2021-12-28,119688,113735,3722,618335,585030,67.5
RU-ALT,Алтайский край,Altai crai,24.12.2021,2021-12-28,117657,96547,6478,1086967,1018119,49.7
RU-KDA,Краснодарский край,Krasnodar crai,24.12.2021,2021-12-28,116975,94437,9677,3152741,2929127,51.2
RU-ORE,Оренбургская область,Orengburg oblast,24.12.2021,2021-12-28,107417,94171,3421,1006850,952242,59.3
RU-PNZ,Пензенская область,Penzensk oblast,24.12.2021,2021-12-28,100787,80384,4587,798072,755824,66.3
RU-PRI,Приморский край,Primorsk crai,24.12.2021,2021-12-28,100322,83957,1529,1022555,947714,54.9
RU-LEN,Ленинградская область,Leningrad oblast,24.12.2021,2021-12-28,100235,84104,2983,931139,867182,49.6
RU-VLG,Вологодская область,Vologodsk oblast,24.12.2021,2021-12-28,99149,89789,2924,564890,521037,61.6
RU-TVE,Тверская область,Tver oblast,24.12.2021,2021-12-28,97618,87207,2314,595404,566825,59.9
RU-KO,Республика Коми,Komi republic,24.12.2021,2021-12-28,96585,80412,2586,388061,364784,64.4
RU-BRY,Брянская область,Bryansk oblast,24.12.2021,2021-12-28,95668,90929,2832,590574,559996,63.5
RU-ZAB,Забайкальский край,Zabaikal crai,24.12.2021,2021-12-28,95376,83721,1806,620042,567644,69.0
RU-KHM,Ханты-Мансийский АО,Khanti-mansisk autonomous region,24.12.2021,2021-12-28,95213,88537,1958,924778,873722,58.6
RU-NVS,Новосибирская область,Novosibirsk oblast,24.12.2021,2021-12-28,93182,63283,4178,1460976,1354828,45.0
RU-MUR,Мурманская область,Murmansk oblast,24.12.2021,2021-12-28,91241,73857,2752,506078,480715,73.7
RU-KR,Республика Карелия,Karelia republic,24.12.2021,2021-12-28,89277,84704,1182,335530,316921,78.9
RU-TYU,Тюменская область,Tyumen oblast,24.12.2021,2021-12-28,89005,76952,3328,976680,915153,68.3
RU-YAR,Ярославская область,Yaroslav oblast,24.12.2021,2021-12-28,84623,73393,1832,575637,544422,51.6
RU-SMO,Смоленская область,Smolensk oblast,24.12.2021,2021-12-28,84283,69411,2338,426788,404848,60.2
RU-KEM,Кемеровская область,Kemerov oblast,24.12.2021,2021-12-28,83629,75126,1695,1245489,1154195,46.6
RU-LIP,Липецкая область,Lipetsk oblast,24.12.2021,2021-12-28,83348,76617,2761,687377,660308,74.4
RU-KRS,Курская область,Kursk oblast,24.12.2021,2021-12-28,81575,73899,2001,624042,597846,64.3
RU-KGD,Калининградская область,Kaliningrad oblast,24.12.2021,2021-12-28,81441,77906,1228,598829,570500,72.9
RU-BEL,Белгородская область,Belgorod oblast,24.12.2021,2021-12-28,80779,71260,1719,1119739,1074332,71.1
RU-AST,Астраханская область,Astrahan oblast,24.12.2021,2021-12-28,80409,72300,2375,511846,478467,63.7
RU-VLA,Владимирская область,Vladimir oblast,24.12.2021,2021-12-28,80310,64562,2910,576835,547054,47.0
RU-UD,Удмуртская Республика,Udmurt republic,24.12.2021,2021-12-28,78752,67386,3220,737082,688960,57.9
RU-KIR,Кировская область,Kirov oblast,24.12.2021,2021-12-28,78086,66779,741,696964,658192,53.6
RU-SA,Республика Саха (Якутия),Saha (Yakutia) republic,24.12.2021,2021-12-28,75651,71723,1775,514530,479376,63.1
RU-BU,Республика Бурятия,Buryatia republic,24.12.2021,2021-12-28,75549,70064,2391,564426,514354,67.2
RU-TUL,Тульская область,Tulsk oblast,24.12.2021,2021-12-28,74295,65541,4207,820750,783435,55.8
RU-PSK,Псковская область,Psokv oblast,24.12.2021,2021-12-28,70672,65774,1239,291335,273832,66.3
RU-ORL,Орловская область,Orlovsk oblast,24.12.2021,2021-12-28,69773,63695,1469,417459,392975,66.5
RU-IVA,Ивановская область,Ivanovsk oblast,24.12.2021,2021-12-28,67325,58734,2466,457864,433916,46.8
RU-DA,Республика Дагестан,Dagestan republic,24.12.2021,2021-12-28,65436,60037,3169,735215,677968,28.8
RU-NGR,Новгородская область,Novgorod oblast,24.12.2021,2021-12-28,64719,60734,749,291153,275150,66.0
RU-KLU,Калужская область,Kaluj oblast,24.12.2021,2021-12-28,64562,60356,1190,549804,511420,58.5
RU-YAN,Ямало-Ненецкий автономный округ,Yamalo-nenetski autonomous region,24.12.2021,2021-12-28,61651,56305,950,284888,272858,61.5
RU-TOM,Томская область,Tomsk oblast,24.12.2021,2021-12-28,61246,47504,669,521614,482120,46.1
RU-RYA,Рязанская область,Ryazan oblast,24.12.2021,2021-12-28,60948,56226,2454,550817,513826,53.4
RU-TAM,Тамбовская область,Tambovsk oblast,24.12.2021,2021-12-28,60300,56308,1674,540510,511920,56.5
RU-AMU,Амурская область,Amur oblast,24.12.2021,2021-12-28,53463,43628,602,460546,427027,60.8
RU-KK,Республика Хакасия,Khakasia republic,24.12.2021,2021-12-28,53440,50000,1939,255166,238693,71.1
RU-SEV,Севастополь,Sevastopol,24.12.2021,2021-12-28,52493,49532,1826,339967,321477,90.2
RU-KGN,Курганская область,Kurgan oblast,24.12.2021,2021-12-28,49927,45533,991,476177,447797,65.0
RU-KOS,Костромская область,Kostrom oblast,24.12.2021,2021-12-28,48490,46388,1096,322626,309623,65.7
RU-CU,Республика Чувашия,Chuvash republic,24.12.2021,2021-12-28,46250,40364,3811,585579,547528,48.7
RU-TT,Республика Татарстан,Tatarstan republic,24.12.2021,2021-12-28,42360,35975,1416,2239292,2123524,54.8
RU-SAK,Сахалинская область,Sahalinsk oblast,24.12.2021,2021-12-28,41655,39877,516,266592,251940,60.5
RU-KB,Кабардино-Балкарская Республика,Kabardino-balkar republic,24.12.2021,2021-12-28,41597,37660,1411,267774,252852,40.0
RU-MO,Республика Мордовия,Mordovia republic,24.12.2021,2021-12-28,40094,34064,1009,514484,496444,62.0
RU-KL,Республика Калмыкия,Kalmik republic,24.12.2021,2021-12-28,33941,32383,725,132618,128204,64.4
RU-KC,Карачаево-Черкесская Республика,Karachaevo-Cherkess republic,24.12.2021,2021-12-28,31986,28161,902,165794,158576,38.3
RU-TY,Республика Тыва,Tyva republic,24.12.2021,2021-12-28,31504,29551,317,168818,155256,76.9
RU-CE,Чеченская Республика,Chechen republic,24.12.2021,2021-12-28,30672,28777,922,699256,624359,65.5
RU-SE,Республика Северная Осетия — Алания,North osetia republic - Alania,24.12.2021,2021-12-28,30668,28075,941,294984,286445,46.9
RU-ME,Республика Марий Эл,Mari El republic,24.12.2021,2021-12-28,29175,26317,927,352453,335608,55.9
RU-IN,Республика Ингушетия,Ingushetia republic,24.12.2021,2021-12-28,28354,26472,473,218333,200182,56.3
RU-AD,Республика Адыгея,Adigey republic,24.12.2021,2021-12-28,26937,22188,723,188309,178954,47.4
RU-GA,Республика Алтай,Altai republic,24.12.2021,2021-12-28,25212,23032,506,103709,96557,58.3
RU-KAM,Камчатский край,Kamchatka crai,24.12.2021,2021-12-28,23668,18165,505,142996,132923,42.9
RU-MAG,Магаданская область,Magadan oblast,24.12.2021,2021-12-28,13594,12762,345,78450,72810,60.0
RU-YEV,Еврейская автономная область,Jewish autonomous region,24.12.2021,2021-12-28,11476,10603,411,70304,63801,57.4
RU-NEN,Ненецкий автономный округ,Nynen autonomous region,24.12.2021,2021-12-28,3486,3271,85,23080,22162,69.3
RU-CHU,Чукотский автономный округ,Chukotka autonomous region,24.12.2021,2021-12-28,2953,2695,34,36589,34673,80.3
RU-MOW,Москва,Moscow,24.12.2021,2021-12-29,2025344,1863475,36631,6670105,6268959,72.0
RU-SPE,Санкт-Петербург,Saint-Petersburg,24.12.2021,2021-12-29,848847,793459,27925,3221071,2993983,79.6
RU-MOS,Московская область,Moscow oblast,24.12.2021,2021-12-29,639270,588590,12007,4755954,4532613,76.6
RU-NIZ,Нижегородская область,Nijegorodsk oblast,24.12.2021,2021-12-29,230668,209110,9754,1753011,1659853,60.5
RU-SAM,Самарская область,Samara oblast,24.12.2021,2021-12-29,199251,154603,6236,1943779,1844037,65.6
RU-SVE,Свердловская область,Sverdlovsk oblast,24.12.2021,2021-12-29,197594,170299,9353,2504243,2322151,56.6
RU-VOR,Воронежская область,Voronej oblast,24.12.2021,2021-12-29,193564,149445,6862,1304806,1246861,57.4
RU-ROS,Ростовская область,Rostov oblast,24.12.2021,2021-12-29,193091,172353,9566,2415239,2282657,58.6
RU-KYA,Красноярский край,Krasnoyarsk krai,24.12.2021,2021-12-29,171884,155949,8543,1443555,1333406,58.1
RU-PER,Пермский край,Perm krai,24.12.2021,2021-12-29,159263,141308,7425,1258365,1175523,60.0
RU-IRK,Иркутская область,Irkutsk oblast,24.12.2021,2021-12-29,155620,132457,6889,1205363,1101394,52.9
RU-CHE,Челябинская область,Chelyabinsk oblast,24.12.2021,2021-12-29,144212,135831,5980,1742074,1640970,55.5
RU-SAR,Саратовская область,Saratov oblast,24.12.2021,2021-12-29,132471,119599,5024,1251426,1177512,53.9
RU-OMS,Омская область,Omsk oblast,24.12.2021,2021-12-29,129608,115660,3149,1002516,932325,61.6
RU-VGG,Волгоградская область,Volgograd oblast,24.12.2021,2021-12-29,128662,118350,5489,1426065,1346126,59.4
RU-CR,Республика Крым,Crimean republic,24.12.2021,2021-12-29,126660,117784,4301,1048792,985887,68.4
RU-STA,Ставропольский край,Stavropol crai,24.12.2021,2021-12-29,125237,101232,6039,1202628,1130713,43.6
RU-KHA,Хабаровский край,Khabarovsk crai,24.12.2021,2021-12-29,124256,111285,1224,673097,608361,65.0
RU-ARK,Архангельская область,Arkhangel oblast,24.12.2021,2021-12-29,122902,112610,1497,570614,539563,69.1
RU-BA,Республика Башкортостан,Bashkortostan republic,24.12.2021,2021-12-29,121201,110634,4361,2159643,1996806,57.0
RU-ULY,Ульяновская область,Ulyanovsk oblast,24.12.2021,2021-12-29,120198,114072,3750,618335,585030,67.5
RU-ALT,Алтайский край,Altai crai,24.12.2021,2021-12-29,118547,98470,6530,1086967,1018119,49.7
RU-KDA,Краснодарский край,Krasnodar crai,24.12.2021,2021-12-29,117735,95873,9718,3152741,2929127,51.2
RU-ORE,Оренбургская область,Orengburg oblast,24.12.2021,2021-12-29,107712,94912,3436,1006850,952242,59.3
RU-PNZ,Пензенская область,Penzensk oblast,24.12.2021,2021-12-29,101322,81716,4606,798072,755824,66.3
RU-PRI,Приморский край,Primorsk crai,24.12.2021,2021-12-29,101181,84649,1538,1022555,947714,54.9
RU-LEN,Ленинградская область,Leningrad oblast,24.12.2021,2021-12-29,100889,85297,2993,931139,867182,49.6
RU-VLG,Вологодская область,Vologodsk oblast,24.12.2021,2021-12-29,99608,90489,2941,564890,521037,61.6
RU-TVE,Тверская область,Tver oblast,24.12.2021,2021-12-29,98157,88177,2336,595404,566825,59.9
RU-KO,Республика Коми,Komi republic,24.12.2021,2021-12-29,96946,81285,2612,388061,364784,64.4
RU-BRY,Брянская область,Bryansk oblast,24.12.2021,2021-12-29,96070,91642,2864,590574,559996,63.5
RU-ZAB,Забайкальский край,Zabaikal crai,24.12.2021,2021-12-29,95692,84584,1822,620042,567644,69.0
RU-KHM,Ханты-Мансийский АО,Khanti-mansisk autonomous region,24.12.2021,2021-12-29,95553,88936,1972,924778,873722,58.6
RU-NVS,Новосибирская область,Novosibirsk oblast,24.12.2021,2021-12-29,93941,64006,4207,1460976,1354828,45.0
RU-MUR,Мурманская область,Murmansk oblast,24.12.2021,2021-12-29,91554,74343,2763,506078,480715,73.7
RU-KR,Республика Карелия,Karelia republic,24.12.2021,2021-12-29,89698,85133,1189,335530,316921,78.9
RU-TYU,Тюменская область,Tyumen oblast,24.12.2021,2021-12-29,89569,78969,3357,976680,915153,68.3
RU-YAR,Ярославская область,Yaroslav oblast,24.12.2021,2021-12-29,85119,74603,1857,575637,544422,51.6
RU-SMO,Смоленская область,Smolensk oblast,24.12.2021,2021-12-29,84657,70729,2353,426788,404848,60.2
RU-KEM,Кемеровская область,Kemerov oblast,24.12.2021,2021-12-29,84298,75743,1705,1245489,1154195,46.6
RU-LIP,Липецкая область,Lipetsk oblast,24.12.2021,2021-12-29,83727,77249,2783,687377,660308,74.4
RU-KGD,Калининградская область,Kaliningrad oblast,24.12.2021,2021-12-29,81809,78295,1239,598829,570500,72.9
RU-KRS,Курская область,Kursk oblast,24.12.2021,2021-12-29,81776,75367,2015,624042,597846,64.3
RU-BEL,Белгородская область,Belgorod oblast,24.12.2021,2021-12-29,81161,72430,1732,1119739,1074332,71.1
RU-VLA,Владимирская область,Vladimir oblast,24.12.2021,2021-12-29,80802,66022,2917,576835,547054,47.0
RU-AST,Астраханская область,Astrahan oblast,24.12.2021,2021-12-29,80773,73057,2392,511846,478467,63.7
RU-UD,Удмуртская Республика,Udmurt republic,24.12.2021,2021-12-29,78904,67592,3233,737082,688960,57.9
RU-KIR,Кировская область,Kirov oblast,24.12.2021,2021-12-29,78505,67313,746,696964,658192,53.6
RU-BU,Республика Бурятия,Buryatia republic,24.12.2021,2021-12-29,75905,70615,2412,564426,514354,67.2
RU-SA,Республика Саха (Якутия),Saha (Yakutia) republic,24.12.2021,2021-12-29,75851,72105,1781,514530,479376,63.1
RU-TUL,Тульская область,Tulsk oblast,24.12.2021,2021-12-29,74733,65953,4228,820750,783435,55.8
RU-PSK,Псковская область,Psokv oblast,24.12.2021,2021-12-29,70976,67051,1246,291335,273832,66.3
RU-ORL,Орловская область,Orlovsk oblast,24.12.2021,2021-12-29,70101,65353,1485,417459,392975,66.5
RU-IVA,Ивановская область,Ivanovsk oblast,24.12.2021,2021-12-29,67670,59625,2490,457864,433916,46.8
RU-DA,Республика Дагестан,Dagestan republic,24.12.2021,2021-12-29,65681,60243,3186,735215,677968,28.8
RU-NGR,Новгородская область,Novgorod oblast,24.12.2021,2021-12-29,65013,62064,750,291153,275150,66.0
RU-KLU,Калужская область,Kaluj oblast,24.12.2021,2021-12-29,64930,60678,1201,549804,511420,58.5
RU-YAN,Ямало-Ненецкий автономный округ,Yamalo-nenetski autonomous region,24.12.2021,2021-12-29,61831,56704,954,284888,272858,61.5
RU-TOM,Томская область,Tomsk oblast,24.12.2021,2021-12-29,61542,48292,670,521614,482120,46.1
RU-RYA,Рязанская область,Ryazan oblast,24.12.2021,2021-12-29,61256,56736,2476,550817,513826,53.4
RU-TAM,Тамбовская область,Tambovsk oblast,24.12.2021,2021-12-29,60670,56570,1691,540510,511920,56.5
RU-AMU,Амурская область,Amur oblast,24.12.2021,2021-12-29,53934,44727,604,460546,427027,60.8
RU-KK,Республика Хакасия,Khakasia republic,24.12.2021,2021-12-29,53637,50628,1969,255166,238693,71.1
RU-SEV,Севастополь,Sevastopol,24.12.2021,2021-12-29,52602,49764,1835,339967,321477,90.2
RU-KGN,Курганская область,Kurgan oblast,24.12.2021,2021-12-29,50220,46941,998,476177,447797,65.0
RU-KOS,Костромская область,Kostrom oblast,24.12.2021,2021-12-29,48593,47370,1101,322626,309623,65.7
RU-CU,Республика Чувашия,Chuvash republic,24.12.2021,2021-12-29,46392,40467,3842,585579,547528,48.7
RU-TT,Республика Татарстан,Tatarstan republic,24.12.2021,2021-12-29,42537,36175,1425,2239292,2123524,54.8
RU-SAK,Сахалинская область,Sahalinsk oblast,24.12.2021,2021-12-29,41929,40150,524,266592,251940,60.5
RU-KB,Кабардино-Балкарская Республика,Kabardino-balkar republic,24.12.2021,2021-12-29,41783,37803,1426,267774,252852,40.0
RU-MO,Республика Мордовия,Mordovia republic,24.12.2021,2021-12-29,40246,34369,1016,514484,496444,62.0
RU-KL,Республика Калмыкия,Kalmik republic,24.12.2021,2021-12-29,33966,32413,727,132618,128204,64.4
RU-KC,Карачаево-Черкесская Республика,Karachaevo-Cherkess republic,24.12.2021,2021-12-29,32113,28337,902,165794,158576,38.3
RU-TY,Республика Тыва,Tyva republic,24.12.2021,2021-12-29,31529,29897,317,168818,155256,76.9
RU-SE,Республика Северная Осетия — Алания,North osetia republic - Alania,24.12.2021,2021-12-29,30814,28294,948,294984,286445,46.9
RU-CE,Чеченская Республика,Chechen republic,24.12.2021,2021-12-29,30809,28932,925,699256,624359,65.5
RU-ME,Республика Марий Эл,Mari El republic,24.12.2021,2021-12-29,29288,27136,932,352453,335608,55.9
RU-IN,Республика Ингушетия,Ingushetia republic,24.12.2021,2021-12-29,28514,26612,474,218333,200182,56.3
RU-AD,Республика Адыгея,Adigey republic,24.12.2021,2021-12-29,27100,22329,729,188309,178954,47.4
RU-GA,Республика Алтай,Altai republic,24.12.2021,2021-12-29,25272,23100,511,103709,96557,58.3
RU-KAM,Камчатский край,Kamchatka crai,24.12.2021,2021-12-29,23727,18282,506,142996,132923,42.9
RU-MAG,Магаданская область,Magadan oblast,24.12.2021,2021-12-29,13621,12828,345,78450,72810,60.0
RU-YEV,Еврейская автономная область,Jewish autonomous region,24.12.2021,2021-12-29,11528,10687,413,70304,63801,57.4
RU-NEN,Ненецкий автономный округ,Nynen autonomous region,24.12.2021,2021-12-29,3492,3297,86,23080,22162,69.3
RU-CHU,Чукотский автономный округ,Chukotka autonomous region,24.12.2021,2021-12-29,2958,2710,36,36589,34673,80.3
RU-MOW,Москва,Moscow,30.12.2021,2021-12-30,2028005,1865970,36702,6723179,6364619,71.4
RU-SPE,Санкт-Петербург,Saint-Petersburg,30.12.2021,2021-12-30,850379,796695,27985,3257648,3073655,80.9
RU-MOS,Московская область,Moscow oblast,30.12.2021,2021-12-30,640247,590520,12057,4792390,4594900,77.2
RU-NIZ,Нижегородская область,Nijegorodsk oblast,30.12.2021,2021-12-30,231117,210111,9776,1769711,1690549,62.1
RU-SAM,Самарская область,Samara oblast,30.12.2021,2021-12-30,199648,155971,6255,1957675,1873271,67.6
RU-SVE,Свердловская область,Sverdlovsk oblast,30.12.2021,2021-12-30,198118,170844,9378,2527265,2369028,58.5
RU-VOR,Воронежская область,Voronej oblast,30.12.2021,2021-12-30,193855,150747,6878,1315134,1267314,59.1
RU-ROS,Ростовская область,Rostov oblast,30.12.2021,2021-12-30,193518,173084,9590,2431656,2312579,58.8
RU-KYA,Красноярский край,Krasnoyarsk krai,30.12.2021,2021-12-30,172318,156450,8578,1462102,1368349,59.9
RU-PER,Пермский край,Perm krai,30.12.2021,2021-12-30,159708,142189,7443,1272005,1202207,62.1
RU-IRK,Иркутская область,Irkutsk oblast,30.12.2021,2021-12-30,156098,134674,6907,1221625,1133562,56.5
RU-CHE,Челябинская область,Chelyabinsk oblast,30.12.2021,2021-12-30,144702,136403,6006,1758592,1675261,57.6
RU-SAR,Саратовская область,Saratov oblast,30.12.2021,2021-12-30,132770,120056,5037,1261857,1199534,55.4
RU-OMS,Омская область,Omsk oblast,30.12.2021,2021-12-30,129933,117658,3158,1015464,956498,64.9
RU-VGG,Волгоградская область,Volgograd oblast,30.12.2021,2021-12-30,128929,118829,5510,1445446,1369170,60.4
RU-CR,Республика Крым,Crimean republic,30.12.2021,2021-12-30,126770,118007,4319,1065072,1013203,69.6
RU-STA,Ставропольский край,Stavropol crai,30.12.2021,2021-12-30,125492,102220,6059,1217696,1154770,45.9
RU-KHA,Хабаровский край,Khabarovsk crai,30.12.2021,2021-12-30,124681,111994,1229,680979,621562,66.9
RU-ARK,Архангельская область,Arkhangel oblast,30.12.2021,2021-12-30,123136,112868,1501,576663,551017,70.0
RU-BA,Республика Башкортостан,Bashkortostan republic,30.12.2021,2021-12-30,121472,110991,4382,2184627,2043647,58.2
RU-ULY,Ульяновская область,Ulyanovsk oblast,30.12.2021,2021-12-30,120418,114227,3763,624308,595802,68.6
RU-ALT,Алтайский край,Altai crai,30.12.2021,2021-12-30,118969,99353,6554,1101074,1040588,51.6
RU-KDA,Краснодарский край,Krasnodar crai,30.12.2021,2021-12-30,118201,96523,9737,3192198,3002166,52.3
RU-ORE,Оренбургская область,Orengburg oblast,30.12.2021,2021-12-30,107849,95259,3444,1017768,969577,60.3
RU-PRI,Приморский край,Primorsk crai,30.12.2021,2021-12-30,101605,85072,1544,1029869,967372,57.8
RU-PNZ,Пензенская область,Penzensk oblast,30.12.2021,2021-12-30,101558,82447,4621,808775,768627,69.2
RU-LEN,Ленинградская область,Leningrad oblast,30.12.2021,2021-12-30,101223,85915,2997,942449,888811,51.6
RU-VLG,Вологодская область,Vologodsk oblast,30.12.2021,2021-12-30,99811,90835,2951,573079,536244,63.7
RU-TVE,Тверская область,Tver oblast,30.12.2021,2021-12-30,98416,88506,2352,599780,575322,61.4
RU-KO,Республика Коми,Komi republic,30.12.2021,2021-12-30,97123,82081,2616,392965,371868,65.4
RU-BRY,Брянская область,Bryansk oblast,30.12.2021,2021-12-30,96266,91877,2879,595435,569308,64.8
RU-ZAB,Забайкальский край,Zabaikal crai,30.12.2021,2021-12-30,95815,84964,1829,626799,580032,69.4
RU-KHM,Ханты-Мансийский АО,Khanti-mansisk autonomous region,30.12.2021,2021-12-30,95708,89138,1981,934921,889039,58.6
RU-NVS,Новосибирская область,Novosibirsk oblast,30.12.2021,2021-12-30,94309,64348,4218,1478922,1390799,46.8
RU-MUR,Мурманская область,Murmansk oblast,30.12.2021,2021-12-30,91683,74591,2769,510256,488323,74.7
RU-KR,Республика Карелия,Karelia republic,30.12.2021,2021-12-30,89903,85345,1193,339430,323490,80.4
RU-TYU,Тюменская область,Tyumen oblast,30.12.2021,2021-12-30,89849,79996,3371,987287,932638,70.9
RU-YAR,Ярославская область,Yaroslav oblast,30.12.2021,2021-12-30,85357,75250,1865,582173,555215,53.7
RU-SMO,Смоленская область,Smolensk oblast,30.12.2021,2021-12-30,84830,71425,2360,431752,412443,62.6
RU-KEM,Кемеровская область,Kemerov oblast,30.12.2021,2021-12-30,84623,76062,1709,1260260,1180151,48.1
RU-LIP,Липецкая область,Lipetsk oblast,30.12.2021,2021-12-30,83901,77467,2793,692135,670730,75.8
RU-KGD,Калининградская область,Kaliningrad oblast,30.12.2021,2021-12-30,81994,78489,1245,604242,579127,73.3
RU-KRS,Курская область,Kursk oblast,30.12.2021,2021-12-30,81875,76118,2023,630001,608089,66.8
RU-BEL,Белгородская область,Belgorod oblast,30.12.2021,2021-12-30,81334,72790,1739,1130944,1090875,72.3
RU-VLA,Владимирская область,Vladimir oblast,30.12.2021,2021-12-30,81040,66934,2922,581775,556872,49.6
RU-AST,Астраханская область,Astrahan oblast,30.12.2021,2021-12-30,80953,73419,2401,517504,487358,65.2
RU-UD,Удмуртская Республика,Udmurt republic,30.12.2021,2021-12-30,78972,67778,3235,744426,702681,59.2
RU-KIR,Кировская область,Kirov oblast,30.12.2021,2021-12-30,78715,67585,748,704856,672514,55.3
RU-BU,Республика Бурятия,Buryatia republic,30.12.2021,2021-12-30,76074,70813,2423,570419,523810,67.5
RU-SA,Республика Саха (Якутия),Saha (Yakutia) republic,30.12.2021,2021-12-30,75954,72358,1784,520144,487470,63.1
RU-TUL,Тульская область,Tulsk oblast,30.12.2021,2021-12-30,74949,66160,4241,828348,795722,56.9
RU-PSK,Псковская область,Psokv oblast,30.12.2021,2021-12-30,71121,67704,1251,295602,279831,70.1
RU-ORL,Орловская область,Orlovsk oblast,30.12.2021,2021-12-30,70252,66101,1493,421012,400326,72.0
RU-IVA,Ивановская область,Ivanovsk oblast,30.12.2021,2021-12-30,67835,60011,2501,460900,438954,48.1
RU-DA,Республика Дагестан,Dagestan republic,30.12.2021,2021-12-30,65791,60352,3192,756252,698137,29.5
RU-NGR,Новгородская область,Novgorod oblast,30.12.2021,2021-12-30,65164,62599,750,293569,279523,70.5
RU-KLU,Калужская область,Kaluj oblast,30.12.2021,2021-12-30,65063,60831,1208,555426,522441,61.0
RU-YAN,Ямало-Ненецкий автономный округ,Yamalo-nenetski autonomous region,30.12.2021,2021-12-30,61917,56915,954,287890,276881,62.8
RU-TOM,Томская область,Tomsk oblast,30.12.2021,2021-12-30,61695,48717,674,528714,494924,48.3
RU-RYA,Рязанская область,Ryazan oblast,30.12.2021,2021-12-30,61398,56993,2490,558109,525756,55.4
RU-TAM,Тамбовская область,Tambovsk oblast,30.12.2021,2021-12-30,60853,56802,1702,546719,519982,56.8
RU-AMU,Амурская область,Amur oblast,30.12.2021,2021-12-30,54164,45281,607,464310,434755,63.3
RU-KK,Республика Хакасия,Khakasia republic,30.12.2021,2021-12-30,53725,50873,1979,258032,242678,72.1
RU-SEV,Севастополь,Sevastopol,30.12.2021,2021-12-30,52651,49988,1838,341644,324428,90.2
RU-KGN,Курганская область,Kurgan oblast,30.12.2021,2021-12-30,50364,47667,998,481294,454931,67.9
RU-KOS,Костромская область,Kostrom oblast,30.12.2021,2021-12-30,48606,47381,1105,326262,315685,70.2
RU-CU,Республика Чувашия,Chuvash republic,30.12.2021,2021-12-30,46457,40523,3857,593068,559584,49.8
RU-TT,Республика Татарстан,Tatarstan republic,30.12.2021,2021-12-30,42617,36264,1431,2256504,2160623,56.5
RU-SAK,Сахалинская область,Sahalinsk oblast,30.12.2021,2021-12-30,42045,40271,528,268572,255635,61.2
RU-KB,Кабардино-Балкарская Республика,Kabardino-balkar republic,30.12.2021,2021-12-30,41874,37882,1434,270806,257128,40.6
RU-MO,Республика Мордовия,Mordovia republic,30.12.2021,2021-12-30,40317,34529,1020,520530,504238,63.0
RU-KL,Республика Калмыкия,Kalmik republic,30.12.2021,2021-12-30,33979,32430,727,134252,130002,65.1
RU-KC,Карачаево-Черкесская Республика,Karachaevo-Cherkess republic,30.12.2021,2021-12-30,32178,28431,903,168583,161256,38.6
RU-TY,Республика Тыва,Tyva republic,30.12.2021,2021-12-30,31543,30103,317,170548,157514,78.1
RU-SE,Республика Северная Осетия — Алания,North osetia republic - Alania,30.12.2021,2021-12-30,30886,28416,953,297469,289596,46.5
RU-CE,Чеченская Республика,Chechen republic,30.12.2021,2021-12-30,30871,28997,928,706934,635500,66.2
RU-ME,Республика Марий Эл,Mari El republic,30.12.2021,2021-12-30,29330,27558,935,356219,343193,59.6
RU-IN,Республика Ингушетия,Ingushetia republic,30.12.2021,2021-12-30,28589,26698,475,231194,213012,57.3
RU-AD,Республика Адыгея,Adigey republic,30.12.2021,2021-12-30,27180,22412,733,190449,182125,48.3
RU-GA,Республика Алтай,Altai republic,30.12.2021,2021-12-30,25303,23137,514,105770,99141,59.0
RU-KAM,Камчатский край,Kamchatka crai,30.12.2021,2021-12-30,23755,18339,507,144661,135717,44.5
RU-MAG,Магаданская область,Magadan oblast,30.12.2021,2021-12-30,13638,12861,347,79957,74822,61.2
RU-YEV,Еврейская автономная область,Jewish autonomous region,30.12.2021,2021-12-30,11553,10721,417,71669,65838,61.2
RU-NEN,Ненецкий автономный округ,Nynen autonomous region,30.12.2021,2021-12-30,3498,3313,87,23441,22563,69.4
RU-CHU,Чукотский автономный округ,Chukotka autonomous region,30.12.2021,2021-12-30,2959,2721,36,36995,35132,80.7
RU-MOW,Москва,Moscow,30.12.2021,2022-01-01,2033216,1871054,36838,6723179,6364619,71.4
RU-SPE,Санкт-Петербург,Saint-Petersburg,30.12.2021,2022-01-01,853442,799941,28092,3257648,3073655,80.9
RU-MOS,Московская область,Moscow oblast,30.12.2021,2022-01-01,642715,593910,12151,4792390,4594900,77.2
RU-NIZ,Нижегородская область,Nijegorodsk oblast,30.12.2021,2022-01-01,231713,212261,9824,1769711,1690549,62.1
RU-SAM,Самарская область,Samara oblast,30.12.2021,2022-01-01,200324,158733,6290,1957675,1873271,67.6
RU-SVE,Свердловская область,Sverdlovsk oblast,30.12.2021,2022-01-01,199129,172011,9432,2527265,2369028,58.5
RU-VOR,Воронежская область,Voronej oblast,30.12.2021,2022-01-01,194396,153402,6923,1315134,1267314,59.1
RU-ROS,Ростовская область,Rostov oblast,30.12.2021,2022-01-01,194305,174690,9631,2431656,2312579,58.8
RU-KYA,Красноярский край,Krasnoyarsk krai,30.12.2021,2022-01-01,173158,157387,8650,1462102,1368349,59.9
RU-PER,Пермский край,Perm krai,30.12.2021,2022-01-01,160566,143992,7471,1272005,1202207,62.1
RU-IRK,Иркутская область,Irkutsk oblast,30.12.2021,2022-01-01,157011,139091,6940,1221625,1133562,56.5
RU-CHE,Челябинская область,Chelyabinsk oblast,30.12.2021,2022-01-01,145660,137460,6061,1758592,1675261,57.6
RU-SAR,Саратовская область,Saratov oblast,30.12.2021,2022-01-01,133304,120968,5061,1261857,1199534,55.4
RU-OMS,Омская область,Omsk oblast,30.12.2021,2022-01-01,130575,121150,3183,1015464,956498,64.9
RU-VGG,Волгоградская область,Volgograd oblast,30.12.2021,2022-01-01,129440,119599,5545,1445446,1369170,60.4
RU-CR,Республика Крым,Crimean republic,30.12.2021,2022-01-01,126975,118391,4371,1065072,1013203,69.6
RU-STA,Ставропольский край,Stavropol crai,30.12.2021,2022-01-01,126050,103681,6100,1217696,1154770,45.9
RU-KHA,Хабаровский край,Khabarovsk crai,30.12.2021,2022-01-01,125392,113569,1237,680979,621562,66.9
RU-ARK,Архангельская область,Arkhangel oblast,30.12.2021,2022-01-01,123578,113418,1504,576663,551017,70.0
RU-BA,Республика Башкортостан,Bashkortostan republic,30.12.2021,2022-01-01,121983,111684,4423,2184627,2043647,58.2
RU-ULY,Ульяновская область,Ulyanovsk oblast,30.12.2021,2022-01-01,120707,114499,3787,624308,595802,68.6
RU-ALT,Алтайский край,Altai crai,30.12.2021,2022-01-01,119787,100872,6602,1101074,1040588,51.6
RU-KDA,Краснодарский край,Krasnodar crai,30.12.2021,2022-01-01,119139,97862,9772,3192198,3002166,52.3
RU-ORE,Оренбургская область,Orengburg oblast,30.12.2021,2022-01-01,108108,95934,3456,1017768,969577,60.3
RU-PRI,Приморский край,Primorsk crai,30.12.2021,2022-01-01,102409,86080,1555,1029869,967372,57.8
RU-PNZ,Пензенская область,Penzensk oblast,30.12.2021,2022-01-01,101955,83875,4638,808775,768627,69.2
RU-LEN,Ленинградская область,Leningrad oblast,30.12.2021,2022-01-01,101906,87213,3009,942449,888811,51.6
RU-VLG,Вологодская область,Vologodsk oblast,30.12.2021,2022-01-01,100053,91481,2969,573079,536244,63.7
RU-TVE,Тверская область,Tver oblast,30.12.2021,2022-01-01,98924,88860,2369,599780,575322,61.4
RU-KO,Республика Коми,Komi republic,30.12.2021,2022-01-01,97462,83170,2638,392965,371868,65.4
RU-BRY,Брянская область,Bryansk oblast,30.12.2021,2022-01-01,96653,92425,2913,595435,569308,64.8
RU-ZAB,Забайкальский край,Zabaikal crai,30.12.2021,2022-01-01,96074,85564,1849,626799,580032,69.4
RU-KHM,Ханты-Мансийский АО,Khanti-mansisk autonomous region,30.12.2021,2022-01-01,96010,89560,1994,934921,889039,58.6
RU-NVS,Новосибирская область,Novosibirsk oblast,30.12.2021,2022-01-01,94985,65107,4244,1478922,1390799,46.8
RU-MUR,Мурманская область,Murmansk oblast,30.12.2021,2022-01-01,91902,75085,2777,510256,488323,74.7
RU-TYU,Тюменская область,Tyumen oblast,30.12.2021,2022-01-01,90396,81281,3398,987287,932638,70.9
RU-KR,Республика Карелия,Karelia republic,30.12.2021,2022-01-01,90265,85730,1200,339430,323490,80.4
RU-YAR,Ярославская область,Yaroslav oblast,30.12.2021,2022-01-01,85805,76682,1890,582173,555215,53.7
RU-KEM,Кемеровская область,Kemerov oblast,30.12.2021,2022-01-01,85251,76683,1718,1260260,1180151,48.1
RU-SMO,Смоленская область,Smolensk oblast,30.12.2021,2022-01-01,85145,72870,2369,431752,412443,62.6
RU-LIP,Липецкая область,Lipetsk oblast,30.12.2021,2022-01-01,84103,77770,2812,692135,670730,75.8
RU-KGD,Калининградская область,Kaliningrad oblast,30.12.2021,2022-01-01,82353,78871,1247,604242,579127,73.3
RU-KRS,Курская область,Kursk oblast,30.12.2021,2022-01-01,82038,77167,2036,630001,608089,66.8
RU-BEL,Белгородская область,Belgorod oblast,30.12.2021,2022-01-01,81647,73328,1751,1130944,1090875,72.3
RU-VLA,Владимирская область,Vladimir oblast,30.12.2021,2022-01-01,81498,68714,2927,581775,556872,49.6
RU-AST,Астраханская область,Astrahan oblast,30.12.2021,2022-01-01,81314,74169,2417,517504,487358,65.2
RU-KIR,Кировская область,Kirov oblast,30.12.2021,2022-01-01,79121,68127,752,704856,672514,55.3
RU-UD,Удмуртская Республика,Udmurt republic,30.12.2021,2022-01-01,79106,68198,3240,744426,702681,59.2
RU-BU,Республика Бурятия,Buryatia republic,30.12.2021,2022-01-01,76394,71274,2436,570419,523810,67.5
RU-SA,Республика Саха (Якутия),Saha (Yakutia) republic,30.12.2021,2022-01-01,76153,72885,1790,520144,487470,63.1
RU-TUL,Тульская область,Tulsk oblast,30.12.2021,2022-01-01,75378,66563,4264,828348,795722,56.9
RU-PSK,Псковская область,Psokv oblast,30.12.2021,2022-01-01,71381,68234,1263,295602,279831,70.1
RU-ORL,Орловская область,Orlovsk oblast,30.12.2021,2022-01-01,70534,66728,1505,421012,400326,72.0
RU-IVA,Ивановская область,Ivanovsk oblast,30.12.2021,2022-01-01,68137,60693,2510,460900,438954,48.1
RU-DA,Республика Дагестан,Dagestan republic,30.12.2021,2022-01-01,65995,60538,3202,756252,698137,29.5
RU-NGR,Новгородская область,Novgorod oblast,30.12.2021,2022-01-01,65450,62892,758,293569,279523,70.5
RU-KLU,Калужская область,Kaluj oblast,30.12.2021,2022-01-01,65330,61094,1218,555426,522441,61.0
RU-YAN,Ямало-Ненецкий автономный округ,Yamalo-nenetski autonomous region,30.12.2021,2022-01-01,62077,57292,955,287890,276881,62.8
RU-TOM,Томская область,Tomsk oblast,30.12.2021,2022-01-01,62005,49570,675,528714,494924,48.3
RU-RYA,Рязанская область,Ryazan oblast,30.12.2021,2022-01-01,61632,57379,2514,558109,525756,55.4
RU-TAM,Тамбовская область,Tambovsk oblast,30.12.2021,2022-01-01,61246,57125,1715,546719,519982,56.8
RU-AMU,Амурская область,Amur oblast,30.12.2021,2022-01-01,54573,46025,611,464310,434755,63.3
RU-KK,Республика Хакасия,Khakasia republic,30.12.2021,2022-01-01,53888,51105,1998,258032,242678,72.1
RU-SEV,Севастополь,Sevastopol,30.12.2021,2022-01-01,52747,50116,1840,341644,324428,90.2
RU-KGN,Курганская область,Kurgan oblast,30.12.2021,2022-01-01,50640,48214,1006,481294,454931,67.9
RU-KOS,Костромская область,Kostrom oblast,30.12.2021,2022-01-01,48664,47389,1110,326262,315685,70.2
RU-CU,Республика Чувашия,Chuvash republic,30.12.2021,2022-01-01,46577,40605,3892,593068,559584,49.8
RU-TT,Республика Татарстан,Tatarstan republic,30.12.2021,2022-01-01,42793,36485,1442,2256504,2160623,56.5
RU-SAK,Сахалинская область,Sahalinsk oblast,30.12.2021,2022-01-01,42305,40581,536,268572,255635,61.2
RU-KB,Кабардино-Балкарская Республика,Kabardino-balkar republic,30.12.2021,2022-01-01,42055,38061,1444,270806,257128,40.6
RU-MO,Республика Мордовия,Mordovia republic,30.12.2021,2022-01-01,40449,34846,1028,520530,504238,63.0
RU-KL,Республика Калмыкия,Kalmik republic,30.12.2021,2022-01-01,34010,32459,730,134252,130002,65.1
RU-KC,Карачаево-Черкесская Республика,Karachaevo-Cherkess republic,30.12.2021,2022-01-01,32308,28549,906,168583,161256,38.6
RU-TY,Республика Тыва,Tyva republic,30.12.2021,2022-01-01,31568,30332,319,170548,157514,78.1
RU-SE,Республика Северная Осетия — Алания,North osetia republic - Alania,30.12.2021,2022-01-01,31029,28629,968,297469,289596,46.5
RU-CE,Чеченская Республика,Chechen republic,30.12.2021,2022-01-01,30989,29114,935,706934,635500,66.2
RU-ME,Республика Марий Эл,Mari El republic,30.12.2021,2022-01-01,29414,27847,943,356219,343193,59.6
RU-IN,Республика Ингушетия,Ingushetia republic,30.12.2021,2022-01-01,28730,26814,478,231194,213012,57.3
RU-AD,Республика Адыгея,Adigey republic,30.12.2021,2022-01-01,27339,22586,739,190449,182125,48.3
RU-GA,Республика Алтай,Altai republic,30.12.2021,2022-01-01,25353,23189,517,105770,99141,59.0
RU-KAM,Камчатский край,Kamchatka crai,30.12.2021,2022-01-01,23800,18451,508,144661,135717,44.5
RU-MAG,Магаданская область,Magadan oblast,30.12.2021,2022-01-01,13667,12929,348,79957,74822,61.2
RU-YEV,Еврейская автономная область,Jewish autonomous region,30.12.2021,2022-01-01,11602,10820,422,71669,65838,61.2
RU-NEN,Ненецкий автономный округ,Nynen autonomous region,30.12.2021,2022-01-01,3509,3334,87,23441,22563,69.4
RU-CHU,Чукотский автономный округ,Chukotka autonomous region,30.12.2021,2022-01-01,2964,2747,39,36995,35132,80.7
